Normal Patient Waiting Time,Normal Patient Server Time,Normal patientt service time
0,12.521172893866122,12.521172893866122
4.9566172946381135,19.59324281677864,14.636625522140527
Reneged,Reneged,Reneged
12.22071322192321,22.61692280569629,10.396209583773077
11.563605905474873,26.071958480619514,14.508352575144642
Reneged,Reneged,Reneged
11.264995658425832,17.393928461005437,6.128932802579603
Reneged,Reneged,Reneged
14.578685019118588,25.617883655420272,11.039198636301688
22.754907622454198,41.34466605850987,18.589758436055675
Reneged,Reneged,Reneged
Reneged,Reneged,Reneged
Reneged,Reneged,Reneged
24.02845294310076,30.96002970755059,6.931576764449832
24.07141457503127,40.01585339597953,15.944438820948267
Reneged,Reneged,Reneged
Reneged,Reneged,Reneged
8.190198941170948,16.910542459814664,8.720343518643716
13.26640117646005,29.93315842391881,16.666757247458758
Reneged,Reneged,Reneged
23.049167733265534,32.22066087623992,9.171493142974391
Reneged,Reneged,Reneged
29.01748393139414,40.23360214116224,11.216118209768108
Reneged,Reneged,Reneged
Reneged,Reneged,Reneged
Reneged,Reneged,Reneged
Reneged,Reneged,Reneged
Reneged,Reneged,Reneged
22.644787668296516,39.65937115363954,17.014583485343024
Reneged,Reneged,Reneged
Reneged,Reneged,Reneged
20.63206421297906,41.881573602507956,21.249509389528896
Reneged,Reneged,Reneged
Reneged,Reneged,Reneged
Reneged,Reneged,Reneged
Reneged,Reneged,Reneged
Reneged,Reneged,Reneged
Reneged,Reneged,Reneged
18.086358354739446,26.11604260349327,8.029684248753817
Reneged,Reneged,Reneged
19.368299214246775,31.987219570722885,12.6189203564761
20.11024260584412,33.745199863850644,13.634957258006512
29.14770385372765,36.0997169200549,6.95201306632725
31.896558867521208,44.87353873192157,12.976979864400349
Reneged,Reneged,Reneged
Reneged,Reneged,Reneged
Reneged,Reneged,Reneged
21.445573158746043,35.300400015779104,13.854826857033085
23.489905489073948,40.14472224492201,16.65481675584808
Reneged,Reneged,Reneged
Reneged,Reneged,Reneged
9.681221441411992,18.56707926668531,8.885857825273327
18.094702033825342,28.584749012843645,10.490046979018324
Reneged,Reneged,Reneged
Reneged,Reneged,Reneged
1.4526920566123636,15.04528749720464,13.592595440592268
Reneged,Reneged,Reneged
6.441729939665208,13.674653762232253,7.232923822567035
13.057189190726262,27.117012574028024,14.059823383301786
24.543518912703462,36.28421450222345,11.740695589519985
Reneged,Reneged,Reneged
Reneged,Reneged,Reneged
12.483192578524324,26.103161738405163,13.619969159880814
22.87930241809994,42.64480719405532,19.765504775955367
Reneged,Reneged,Reneged
Reneged,Reneged,Reneged
Reneged,Reneged,Reneged
Reneged,Reneged,Reneged
Reneged,Reneged,Reneged
28.137272801044503,39.671059605869004,11.533786804824485
Reneged,Reneged,Reneged
Reneged,Reneged,Reneged
Reneged,Reneged,Reneged
Reneged,Reneged,Reneged
Reneged,Reneged,Reneged
Reneged,Reneged,Reneged
Reneged,Reneged,Reneged
11.873748510079963,23.969774524753916,12.096026014673935
15.754728772962267,29.944706030191867,14.189977257229591
Reneged,Reneged,Reneged
26.12940230381639,0,11.131296845485895
Next Day,Next Day
0,13.568218034055915,13.568218034055915
11.189165424100764,27.65840301009148,16.46923758599071
25.420888645275735,33.88326953210968,8.462380886833937
Reneged,Reneged,Reneged
Reneged,Reneged,Reneged
15.556165636584957,27.748875694135783,12.192710057550824
Reneged,Reneged,Reneged
11.13043126023679,23.78942187818965,12.65899061795286
Reneged,Reneged,Reneged
Reneged,Reneged,Reneged
10.973600453944137,21.309576475508564,10.335976021564422
12.57205923810833,24.840779407145952,12.268720169037625
Reneged,Reneged,Reneged
15.157683833415902,30.790660747345044,15.632976913929143
24.383665066740903,41.43509770955849,17.051432642817584
Reneged,Reneged,Reneged
37.15227466140912,52.29869304542555,15.146418384016421
Reneged,Reneged,Reneged
Reneged,Reneged,Reneged
Reneged,Reneged,Reneged
Reneged,Reneged,Reneged
Reneged,Reneged,Reneged
33.770580395326704,44.64190109713559,10.871320701808873
Reneged,Reneged,Reneged
Reneged,Reneged,Reneged
Reneged,Reneged,Reneged
Reneged,Reneged,Reneged
32.83836570516276,43.77704996279614,10.938684257633396
Reneged,Reneged,Reneged
Reneged,Reneged,Reneged
37.005185072785295,50.300326879862226,13.295141807076929
Reneged,Reneged,Reneged
Reneged,Reneged,Reneged
Reneged,Reneged,Reneged
Reneged,Reneged,Reneged
Reneged,Reneged,Reneged
Reneged,Reneged,Reneged
29.441177359043564,41.079767197764426,11.638589838720854
Reneged,Reneged,Reneged
Reneged,Reneged,Reneged
24.77657232976216,39.35811746522734,14.581545135465186
Reneged,Reneged,Reneged
21.342520929832148,32.04633805071239,10.703817120880256
Reneged,Reneged,Reneged
27.705576909799447,39.96362840596811,12.25805149616865
Reneged,Reneged,Reneged
Reneged,Reneged,Reneged
Reneged,Reneged,Reneged
24.187953839008458,33.46530981434432,9.277355975335855
Reneged,Reneged,Reneged
Reneged,Reneged,Reneged
Reneged,Reneged,Reneged
16.10970931622947,30.71148902299464,14.601779706765162
Reneged,Reneged,Reneged
28.244951095857488,44.17790923974235,15.932958143884852
37.02201479712846,48.64323439076031,11.62121959363183
Reneged,Reneged,Reneged
Reneged,Reneged,Reneged
Reneged,Reneged,Reneged
Reneged,Reneged,Reneged
36.94019681614759,49.33214568044201,12.391948864294404
Reneged,Reneged,Reneged
Reneged,Reneged,Reneged
Reneged,Reneged,Reneged
Reneged,Reneged,Reneged
Reneged,Reneged,Reneged
36.62916607014628,48.278212567031204,11.649046496884903
Reneged,Reneged,Reneged
Reneged,Reneged,Reneged
Reneged,Reneged,Reneged
Reneged,Reneged,Reneged
27.58608500333503,44.33607798462532,16.749992981290283
Reneged,Reneged,Reneged
Reneged,Reneged,Reneged
12.820457559154647,30.346399411943082,17.52594185278843
26.53397717853403,41.832125567490664,15.298148388956637
Reneged,Reneged,Reneged
30.532698348790063,45.02773946623489,14.495041117444801
Reneged,Reneged,Reneged
Reneged,Reneged,Reneged
20.124693235533016,36.361778010055616,16.237084774522607
Reneged,Reneged,Reneged
12.100266629810278,18.891580157983412,6.791313528173129
18.68444579165231,29.11591846731011,10.431472675657785
28.850254605651628,44.9591149547191,16.10886034906744
Reneged,Reneged,Reneged
Reneged,Reneged,Reneged
Reneged,Reneged,Reneged
Reneged,Reneged,Reneged
Reneged,Reneged,Reneged
19.968504340423124,22.50661158738353,2.538107246960399
7.7790971892735,0,13.205379946420043
Next Day,Next Day
0,11.99457796783357,11.99457796783357
6.703513013428713,18.053568118659776,11.350055105231062
Reneged,Reneged,Reneged
Reneged,Reneged,Reneged
14.396885089946766,26.25734057243416,11.860455482487392
18.89700915336337,30.928127682136754,12.031118528773382
25.481307248312174,38.949683218099565,13.468375969787393
Reneged,Reneged,Reneged
Reneged,Reneged,Reneged
0.0,15.105980614628734,15.105980614628733
14.0198561855875,30.14643049750326,16.12657431191576
27.66961061034027,42.62594518243408,14.956334572093809
Reneged,Reneged,Reneged
Reneged,Reneged,Reneged
26.29462603956975,33.893210623580885,7.598584584011132
Reneged,Reneged,Reneged
Reneged,Reneged,Reneged
23.50107219840443,39.499442541854776,15.998370343450343
22.776884655577646,35.32110684583779,12.544222190260136
Reneged,Reneged,Reneged
24.945381848767497,35.711038016742535,10.765656167975028
Reneged,Reneged,Reneged
30.434511456597576,38.747563055964335,8.31305159936677
Reneged,Reneged,Reneged
Reneged,Reneged,Reneged
Reneged,Reneged,Reneged
Reneged,Reneged,Reneged
22.947365362977138,39.203608028059335,16.256242665082212
Reneged,Reneged,Reneged
28.45715551144363,51.37991142370018,22.922755912256562
Reneged,Reneged,Reneged
Reneged,Reneged,Reneged
Reneged,Reneged,Reneged
Reneged,Reneged,Reneged
Reneged,Reneged,Reneged
35.28124566812767,47.45675279406427,12.175507125936614
Reneged,Reneged,Reneged
Reneged,Reneged,Reneged
Reneged,Reneged,Reneged
33.42604122058512,42.36636757373958,8.940326353154461
Reneged,Reneged,Reneged
Reneged,Reneged,Reneged
32.84029250425766,47.4755469483284,14.635254444070732
Reneged,Reneged,Reneged
Reneged,Reneged,Reneged
Reneged,Reneged,Reneged
Reneged,Reneged,Reneged
21.662315110408827,32.92186934703574,11.259554236626911
Reneged,Reneged,Reneged
23.148597292589244,32.10244066799868,8.95384337540943
Reneged,Reneged,Reneged
Reneged,Reneged,Reneged
12.324258621012035,26.108314515367255,13.784055894355202
Reneged,Reneged,Reneged
21.555871966212948,27.444308418041686,5.888436451828744
Reneged,Reneged,Reneged
17.204527983921196,27.29884946505979,10.094321481138621
19.78276454179445,36.50907453118083,16.726309989386387
32.78270694466522,45.6429554973563,12.860248552691086
Reneged,Reneged,Reneged
Reneged,Reneged,Reneged
Reneged,Reneged,Reneged
Reneged,Reneged,Reneged
17.703546908259852,22.44076688720878,4.7372199789489065
Reneged,Reneged,Reneged
18.105204394390796,26.229362352188275,8.124157957797495
Reneged,Reneged,Reneged
24.03845786592484,33.212064872400276,9.173607006475445
Reneged,Reneged,Reneged
28.967972274263218,39.91045478672032,10.942482512457078
Reneged,Reneged,Reneged
Reneged,Reneged,Reneged
Reneged,Reneged,Reneged
29.443067726910442,32.65528120885659,3.2122134819461223
Reneged,Reneged,Reneged
23.91979897019951,33.95876454327822,10.03896557307874
Reneged,Reneged,Reneged
Reneged,Reneged,Reneged
Reneged,Reneged,Reneged
Reneged,Reneged,Reneged
Reneged,Reneged,Reneged
16.357222869439454,30.472084018753947,14.114861149314468
29.84753016578395,44.506408793005676,14.658878627221748
Reneged,Reneged,Reneged
Reneged,Reneged,Reneged
Reneged,Reneged,Reneged
Reneged,Reneged,Reneged
Reneged,Reneged,Reneged
11.753127415117035,22.390245364116424,10.637117948999407
Reneged,Reneged,Reneged
7.465504963320313,13.704425917328933,6.238920954008603
13.005205966323444,20.55373028286442,7.548524316540962
15.217888819519032,0,18.555228150789482
0,0,0
0,0,0
Next Day,Next Day
0,16.976876593840622,16.976876593840622
12.459235905724963,22.618537636195576,10.159301730470613
21.85295183634313,34.13962315881588,12.286671322472744
Reneged,Reneged,Reneged
28.7106521076501,34.607616685442295,5.896964577792195
Reneged,Reneged,Reneged
Reneged,Reneged,Reneged
16.092110809460795,22.385154618904973,6.2930438094441765
14.096007212363709,26.59131653608698,12.495309323723268
22.008215495299645,36.62065005808612,14.612434562786483
20.377511210504423,27.227204831449825,6.849693620945403
20.97951698575946,32.25842525601581,11.278908270256354
Reneged,Reneged,Reneged
Reneged,Reneged,Reneged
26.30607500149631,37.707708888906964,11.40163388741065
Reneged,Reneged,Reneged
19.275882037885296,40.81355264752591,21.537670609640617
Reneged,Reneged,Reneged
12.615220031921496,29.352578021959772,16.737357990038284
23.266118491054357,29.497221868515823,6.231103377461476
23.612303647887046,42.344786916213025,18.73248326832599
Reneged,Reneged,Reneged
Reneged,Reneged,Reneged
Reneged,Reneged,Reneged
Reneged,Reneged,Reneged
28.13203050382546,41.6056412418516,13.47361073802615
Reneged,Reneged,Reneged
37.10410363138001,47.61499843051007,10.510894799130062
Reneged,Reneged,Reneged
Reneged,Reneged,Reneged
34.290170419828826,48.743768356327195,14.453597936498376
Reneged,Reneged,Reneged
Reneged,Reneged,Reneged
Reneged,Reneged,Reneged
Reneged,Reneged,Reneged
Reneged,Reneged,Reneged
Reneged,Reneged,Reneged
14.733858270780473,22.00951205440819,7.275653783627707
Reneged,Reneged,Reneged
Reneged,Reneged,Reneged
12.380208703916821,21.515844746373233,9.135636042456408
16.57260063913776,32.93105165080732,16.358451011669562
Reneged,Reneged,Reneged
18.709461882339127,33.68805538954018,14.978593507201035
24.931684112133865,34.95785788057262,10.026173768438733
14.575179899636424,24.846049441396502,10.270869541760081
Reneged,Reneged,Reneged
21.72057713079971,40.16878612185013,18.44820899105042
31.23556899182148,42.28085938554187,11.04529039372037
Reneged,Reneged,Reneged
36.914152694820814,54.53430134574177,17.620148650920967
Reneged,Reneged,Reneged
Reneged,Reneged,Reneged
37.27181589367973,48.84421299716877,11.572397103489033
Reneged,Reneged,Reneged
Reneged,Reneged,Reneged
Reneged,Reneged,Reneged
Reneged,Reneged,Reneged
32.860438147752916,39.93952785388359,7.079089706130675
Reneged,Reneged,Reneged
Reneged,Reneged,Reneged
Reneged,Reneged,Reneged
Reneged,Reneged,Reneged
Reneged,Reneged,Reneged
30.241598682832034,37.45622327094134,7.214624588109322
Reneged,Reneged,Reneged
Reneged,Reneged,Reneged
9.027641783823242,16.15116165488746,7.123519871064224
0.0,10.788863139647162,10.788863139647152
0.0,5.88181281210268,5.881812812102703
5.301515296039895,7.211844926712445,1.9103296306725746
0.0,9.54994006489926,9.549940064899268
Next Day,Next Day
0,9.854138766540393,9.854138766540393
3.212778558751242,18.709740233092585,15.496961674341343
17.275225747836878,32.439289773662914,15.164064025826038
Reneged,Reneged,Reneged
26.22655787044708,37.0871005023394,10.860542631892322
Reneged,Reneged,Reneged
Reneged,Reneged,Reneged
Reneged,Reneged,Reneged
3.8421662785421873,25.447756418903708,21.605590140361524
21.358426236811724,28.13343047582258,6.77500423901086
24.424783320365208,35.292177208731914,10.867393888366706
Reneged,Reneged,Reneged
Reneged,Reneged,Reneged
Reneged,Reneged,Reneged
17.223986535240684,31.218182417185375,13.994195881944691
Reneged,Reneged,Reneged
24.86151161300225,28.524257098342645,3.662745485340393
27.73838838619865,37.43158350187639,9.693195115677732
Reneged,Reneged,Reneged
Reneged,Reneged,Reneged
Reneged,Reneged,Reneged
14.577814517170665,27.28518376521187,12.7073692480412
Reneged,Reneged,Reneged
11.597498763966584,16.83534753093936,5.237848766972762
12.438048807218664,24.400606916614677,11.962558109396019
22.93866412675297,37.376480786466175,14.437816659713203
Reneged,Reneged,Reneged
Reneged,Reneged,Reneged
24.903637875176855,44.92411765213811,20.02047977696124
Reneged,Reneged,Reneged
Reneged,Reneged,Reneged
Reneged,Reneged,Reneged
32.45891822524149,38.56714408930611,6.1082258640646225
Reneged,Reneged,Reneged
29.182803298691738,42.661573897246,13.478770598554258
Reneged,Reneged,Reneged
Reneged,Reneged,Reneged
Reneged,Reneged,Reneged
Reneged,Reneged,Reneged
Reneged,Reneged,Reneged
27.38764845612161,39.52070820738379,12.13305975126218
Reneged,Reneged,Reneged
Reneged,Reneged,Reneged
Reneged,Reneged,Reneged
Reneged,Reneged,Reneged
Reneged,Reneged,Reneged
Reneged,Reneged,Reneged
27.24286303403568,40.1464224294223,12.90355939538662
19.112611767358544,29.620204553906888,10.507592786548337
16.39774817179577,24.704558399447052,8.306810227651269
24.253466243392296,36.7720250962586,12.51855885286629
Reneged,Reneged,Reneged
Reneged,Reneged,Reneged
27.591000520168592,37.57840672917072,9.98740620900213
Reneged,Reneged,Reneged
Reneged,Reneged,Reneged
Reneged,Reneged,Reneged
Reneged,Reneged,Reneged
10.306993361537877,30.192072291865884,19.88507893032802
27.042704393872953,38.05618982409089,11.013485430217967
32.10787309907505,46.06985172696358,13.9619786278885
Reneged,Reneged,Reneged
Reneged,Reneged,Reneged
Reneged,Reneged,Reneged
Reneged,Reneged,Reneged
24.3484357281788,40.97866887785875,16.63023314967993
Reneged,Reneged,Reneged
Reneged,Reneged,Reneged
Reneged,Reneged,Reneged
8.996861075617346,26.612082160236355,17.615221084619023
Reneged,Reneged,Reneged
20.783397714201215,35.91389386048695,15.13049614628571
25.252801842691326,38.38698352007111,13.13418167737976
Reneged,Reneged,Reneged
Reneged,Reneged,Reneged
Reneged,Reneged,Reneged
Reneged,Reneged,Reneged
14.692633308453651,31.962302360143383,17.26966905168973
Reneged,Reneged,Reneged
22.22130684482704,27.714851716529267,5.493544871702205
Reneged,Reneged,Reneged
Reneged,Reneged,Reneged
22.96920318098779,31.940692528444686,8.971489347456886
Reneged,Reneged,Reneged
Reneged,Reneged,Reneged
19.24036485494048,0,15.293531712008722
Reneged,Reneged,Reneged
0,0,0
Next Day,Next Day
0,12.06456963954378,12.06456963954378
3.239476254165263,13.261523861256387,10.022047607091125
6.576523340262042,19.464260120580786,12.88773678031874
15.999675985278149,27.81375901083862,11.814083025560471
17.184774576270172,29.056034403189976,11.871259826919806
Reneged,Reneged,Reneged
16.127097964318878,24.511002298208922,8.383904333890047
22.072447463057586,42.65119973789582,20.578752274838237
Reneged,Reneged,Reneged
Reneged,Reneged,Reneged
26.580941974864814,37.905959930680794,11.325017955815975
Reneged,Reneged,Reneged
35.748033775519495,49.36488815292804,13.616854377408547
Reneged,Reneged,Reneged
Reneged,Reneged,Reneged
Reneged,Reneged,Reneged
Reneged,Reneged,Reneged
30.63917808197361,44.58423588785871,13.945057805885106
Reneged,Reneged,Reneged
Reneged,Reneged,Reneged
Reneged,Reneged,Reneged
Reneged,Reneged,Reneged
Reneged,Reneged,Reneged
Reneged,Reneged,Reneged
30.727606809602392,43.2362730491851,12.508666239582707
Reneged,Reneged,Reneged
Reneged,Reneged,Reneged
Reneged,Reneged,Reneged
33.96259050629588,38.77210168166174,4.809511175365859
Reneged,Reneged,Reneged
Reneged,Reneged,Reneged
28.03925608471104,40.414189233924446,12.374933149213396
Reneged,Reneged,Reneged
34.52365117661181,48.61318321990434,14.089532043292538
Reneged,Reneged,Reneged
Reneged,Reneged,Reneged
Reneged,Reneged,Reneged
Reneged,Reneged,Reneged
Reneged,Reneged,Reneged
13.239337198523941,28.620797382898303,15.38146018437435
Reneged,Reneged,Reneged
Reneged,Reneged,Reneged
24.129976017081418,35.937897571094965,11.80792155401354
Reneged,Reneged,Reneged
35.48050953871618,49.68325960575811,14.202750067041933
Reneged,Reneged,Reneged
Reneged,Reneged,Reneged
Reneged,Reneged,Reneged
Reneged,Reneged,Reneged
Reneged,Reneged,Reneged
Reneged,Reneged,Reneged
Reneged,Reneged,Reneged
Reneged,Reneged,Reneged
Reneged,Reneged,Reneged
14.198049613215659,20.571555208568327,6.373505595352661
12.578884938307084,30.254008379768038,17.67512344146097
Reneged,Reneged,Reneged
25.568522559092827,37.45524350278626,11.88672094369342
Reneged,Reneged,Reneged
32.084902337552734,49.25755260137359,17.17265026382085
Reneged,Reneged,Reneged
Reneged,Reneged,Reneged
Reneged,Reneged,Reneged
Reneged,Reneged,Reneged
14.683050905647974,22.558207195980287,7.87515629033231
21.78794047680111,38.58825200716893,16.800311530367793
Reneged,Reneged,Reneged
Reneged,Reneged,Reneged
Reneged,Reneged,Reneged
Reneged,Reneged,Reneged
Reneged,Reneged,Reneged
Reneged,Reneged,Reneged
Reneged,Reneged,Reneged
14.217205971587418,17.302755804961066,3.0855498333736424
13.566773333168896,24.49551081360289,10.92873748043401
Reneged,Reneged,Reneged
9.346439407846049,19.5716951790003,10.225255771154277
17.9598950960264,30.26831519245121,12.308420096424799
29.463916618675512,49.08755124409544,19.623634625419932
Reneged,Reneged,Reneged
Reneged,Reneged,Reneged
Reneged,Reneged,Reneged
30.559976658231335,49.723813873831034,19.163837215599706
Reneged,Reneged,Reneged
Reneged,Reneged,Reneged
Reneged,Reneged,Reneged
Reneged,Reneged,Reneged
28.82227384620154,43.38436565597635,14.562091809774795
Reneged,Reneged,Reneged
Reneged,Reneged,Reneged
28.881212259594122,38.48740095340452,9.606188693810397
Reneged,Reneged,Reneged
Reneged,Reneged,Reneged
Reneged,Reneged,Reneged
15.143172584582032,26.712854295120565,11.569681710538537
23.975111951676354,30.889391528310455,6.914279576634074
Reneged,Reneged,Reneged
Reneged,Reneged,Reneged
Reneged,Reneged,Reneged
20.344022533456666,0,14.011097527227589
0,0,0
Reneged,Reneged,Reneged
0,0,0
Reneged,Reneged,Reneged
Reneged,Reneged,Reneged
0,0,0
0,0,0
0,0,0
Next Day,Next Day
0,15.789754400408508,15.789754400408508
Reneged,Reneged,Reneged
12.061274050319899,24.399153653624193,12.337879603304295
15.022211760671665,24.56745656684845,9.545244806176788
23.53627083057415,32.60971904414485,9.073448213570707
24.705619981196993,29.87932641328182,5.173706432084825
Reneged,Reneged,Reneged
20.02920798658511,31.617632196871174,11.588424210286066
Reneged,Reneged,Reneged
21.260446899632925,33.444532332585624,12.184085432952696
Reneged,Reneged,Reneged
Reneged,Reneged,Reneged
Reneged,Reneged,Reneged
14.32577891052864,29.61471328753416,15.288934377005514
Reneged,Reneged,Reneged
24.833307797247784,33.8402166610322,9.006908863784421
Reneged,Reneged,Reneged
26.15658657766639,42.519059354713676,16.36247277704728
Reneged,Reneged,Reneged
Reneged,Reneged,Reneged
Reneged,Reneged,Reneged
Reneged,Reneged,Reneged
24.134380754711046,33.65777418122171,9.523393426510665
Reneged,Reneged,Reneged
30.393678719746816,44.254927274716664,13.861248554969855
Reneged,Reneged,Reneged
Reneged,Reneged,Reneged
24.478027052626643,45.04830760195877,20.570280549332114
Reneged,Reneged,Reneged
Reneged,Reneged,Reneged
Reneged,Reneged,Reneged
Reneged,Reneged,Reneged
Reneged,Reneged,Reneged
Reneged,Reneged,Reneged
Reneged,Reneged,Reneged
Reneged,Reneged,Reneged
16.89860695669799,32.55438785149411,15.655780894796111
23.906649350362073,35.62567747496797,11.719028124605897
Reneged,Reneged,Reneged
19.5712394518321,25.346861220066415,5.775621768234322
Reneged,Reneged,Reneged
Reneged,Reneged,Reneged
15.271048986667665,30.26185992564612,14.990810938978445
Reneged,Reneged,Reneged
22.708099131420482,33.48868024711945,10.780581115698968
Reneged,Reneged,Reneged
22.90235307239945,31.882581729594705,8.980228657195243
18.67785934678423,30.19852252462408,11.520663177839863
Reneged,Reneged,Reneged
Reneged,Reneged,Reneged
21.31436317697805,39.25297557872332,17.938612401745264
Reneged,Reneged,Reneged
Reneged,Reneged,Reneged
27.645374788677685,33.27260096985603,5.627226181178348
19.576783696171134,35.42358439030872,15.846800694137565
Reneged,Reneged,Reneged
Reneged,Reneged,Reneged
Reneged,Reneged,Reneged
24.519626116283973,35.74169381798072,11.22206770169674
18.21583601390506,32.7226926248257,14.506856610920657
30.12694057449073,35.44559019412429,5.3186496196335415
Reneged,Reneged,Reneged
16.33419204011244,25.734758833218052,9.400566793105606
17.58765070255555,33.31338111829973,15.725730415744206
Reneged,Reneged,Reneged
23.08578263890024,39.20548360577112,16.119700966870894
Reneged,Reneged,Reneged
Reneged,Reneged,Reneged
20.39065794962869,27.586175387152025,7.195517437523356
25.393040957232017,38.8341144638764,13.441073506644404
Reneged,Reneged,Reneged
Reneged,Reneged,Reneged
Reneged,Reneged,Reneged
Reneged,Reneged,Reneged
0.0,3.813400158102013,3.8134001581020094
0.0,0,9.377279317902971
Next Day,Next Day
0,6.234012095099662,6.234012095099662
3.5512383212824767,10.51369126204175,6.962452940759273
7.4261005545059895,18.984978235745412,11.558877681239421
16.570144611624663,36.225392955596895,19.655248343972232
Reneged,Reneged,Reneged
Reneged,Reneged,Reneged
23.241437738515117,28.62049567236248,5.3790579338473625
Reneged,Reneged,Reneged
Reneged,Reneged,Reneged
Reneged,Reneged,Reneged
Reneged,Reneged,Reneged
19.401780500699417,33.596309109632664,14.194528608933247
22.334551824350534,38.85350420336505,16.518952379014507
Reneged,Reneged,Reneged
Reneged,Reneged,Reneged
25.050479939113416,38.67560438301521,13.62512444390179
Reneged,Reneged,Reneged
30.463386343341035,37.69673403751447,7.233347694173437
Reneged,Reneged,Reneged
32.97863901663513,42.7545381434181,9.775899126782978
31.35684762810979,44.401968750389585,13.045121122279799
Reneged,Reneged,Reneged
Reneged,Reneged,Reneged
Reneged,Reneged,Reneged
28.887011374632067,30.93755338877868,2.050542014146613
Reneged,Reneged,Reneged
26.006479206395525,39.26158652254827,13.255107316152738
Reneged,Reneged,Reneged
Reneged,Reneged,Reneged
Reneged,Reneged,Reneged
Reneged,Reneged,Reneged
18.00198020691343,33.14624402258298,15.144263815669538
Reneged,Reneged,Reneged
Reneged,Reneged,Reneged
19.663448521593523,35.10506525725597,15.441616735662453
17.133385412966817,24.500705115712606,7.36731970274578
11.913123433503188,24.571539876563065,12.658416443059863
19.127537566514917,31.60245721146333,12.474919644948407
Reneged,Reneged,Reneged
Reneged,Reneged,Reneged
Reneged,Reneged,Reneged
17.516018132179653,28.843993957151554,11.3279758249719
Reneged,Reneged,Reneged
Reneged,Reneged,Reneged
22.644804604994277,33.95226049477532,11.30745588978104
Reneged,Reneged,Reneged
Reneged,Reneged,Reneged
16.986784329599942,28.84161432962435,11.85483000002441
3.067683773554762,11.7206474219673,8.652963648412548
Reneged,Reneged,Reneged
6.180269888885022,15.556424124199168,9.376154235314154
13.009037541864785,20.93459357533601,7.92555603347125
Reneged,Reneged,Reneged
15.937598094375147,32.34556742818128,16.40796933380615
Reneged,Reneged,Reneged
Reneged,Reneged,Reneged
Reneged,Reneged,Reneged
6.911352190048433,18.028862588441314,11.117510398392909
9.83188130356666,25.604855977455372,15.772974673888713
Reneged,Reneged,Reneged
0.0,16.15296776417273,16.152967764172733
13.711367424198954,21.659560559577756,7.9481931353788084
19.26702889048687,28.07407313148002,8.807044240993134
0.0,8.733503008435434,8.73350300843541
0.0,16.62897755114716,16.62897755114713
15.985495078921815,31.37904377128575,15.393548692363918
Reneged,Reneged,Reneged
Reneged,Reneged,Reneged
21.607389678377785,33.34490911021851,11.737519431840706
Reneged,Reneged,Reneged
26.745340839703886,36.78362759502488,10.03828675532097
26.60379623028649,0,14.611174801057826
Reneged,Reneged,Reneged
Next Day,Next Day
0,5.46804734848706,5.46804734848706
0.0,15.855785664552826,15.855785664552826
12.243356601216234,17.084778130946855,4.841421529730622
Reneged,Reneged,Reneged
6.095080774384563,13.602499994114261,7.507419219729702
13.390956238871361,23.869070562131846,10.478114323260485
21.231400920824292,30.45218950549252,9.220788584668227
29.808362841671006,46.05889351765189,16.250530675980883
Reneged,Reneged,Reneged
Reneged,Reneged,Reneged
23.600722307260376,35.41624590795839,11.81552360069801
Reneged,Reneged,Reneged
Reneged,Reneged,Reneged
Reneged,Reneged,Reneged
25.729040983652233,32.08447960204213,6.355438618389891
Reneged,Reneged,Reneged
Reneged,Reneged,Reneged
22.475176151383508,35.18946550124549,12.714289349861984
Reneged,Reneged,Reneged
Reneged,Reneged,Reneged
32.51985537049087,47.6674598049467,15.147604434455825
Reneged,Reneged,Reneged
Reneged,Reneged,Reneged
Reneged,Reneged,Reneged
Reneged,Reneged,Reneged
32.532439437624376,42.827923104429246,10.295483666804863
36.282985056850436,53.852550955439995,17.569565898589566
Reneged,Reneged,Reneged
Reneged,Reneged,Reneged
Reneged,Reneged,Reneged
15.718305899472085,20.752602227630376,5.034296328158286
18.13800709796493,28.966076172777605,10.828069074812678
Reneged,Reneged,Reneged
Reneged,Reneged,Reneged
13.333552236550332,31.773768297137792,18.44021606058745
Reneged,Reneged,Reneged
Reneged,Reneged,Reneged
25.065058422918298,31.345046651643486,6.279988228725192
Reneged,Reneged,Reneged
Reneged,Reneged,Reneged
17.8135924582632,32.043117148180215,14.229524689917024
Reneged,Reneged,Reneged
Reneged,Reneged,Reneged
Reneged,Reneged,Reneged
13.401525910292463,20.167185004759318,6.765659094466867
15.815778343720012,38.4570453939744,22.641267050254385
Reneged,Reneged,Reneged
28.467424279742858,43.41842329913834,14.950999019395487
Reneged,Reneged,Reneged
Reneged,Reneged,Reneged
Reneged,Reneged,Reneged
20.147508155772982,32.10821104609178,11.960702890318817
Reneged,Reneged,Reneged
Reneged,Reneged,Reneged
15.82240409179036,31.37336428932167,15.550960197531289
17.202168084860403,29.0299834519096,11.827815367049185
Reneged,Reneged,Reneged
14.655753854032696,28.110785300992973,13.455031446960295
16.99220674072359,38.095392084946695,21.103185344223103
34.86810560628169,47.027026265204995,12.158920658923288
Reneged,Reneged,Reneged
Reneged,Reneged,Reneged
Reneged,Reneged,Reneged
Reneged,Reneged,Reneged
5.160614957816961,21.775553851321774,16.614938893504807
17.146407596026393,26.713615701536014,9.567208105509646
20.0089687322573,37.075741093280726,17.066772361023432
Reneged,Reneged,Reneged
Reneged,Reneged,Reneged
7.333657873999812,16.31295249350802,8.979294619508225
9.597463818001756,16.749253606652815,7.151789788651032
12.41871367936335,22.249272497176946,9.830558817813605
21.753828222857692,31.016595641244635,9.262767418386932
Reneged,Reneged,Reneged
16.96414834375554,25.568959117245697,8.604810773490147
Reneged,Reneged,Reneged
Next Day,Next Day
0,15.581066296214486,15.581066296214486
6.0246489601451465,15.97118276868129,9.946533808536143
7.980115910868914,21.455798459996267,13.475682549127354
19.22379808313746,31.256047368272256,12.032249285134798
Reneged,Reneged,Reneged
22.281177758878275,33.0055816369251,10.72440387804683
24.88644964531808,35.65803229695354,10.771582651635464
Reneged,Reneged,Reneged
Reneged,Reneged,Reneged
17.856626651557107,26.30471623147008,8.448089579912978
20.90940117429811,32.74974873829801,11.840347563999893
31.516363291517926,36.92595449076102,5.409591199243099
Reneged,Reneged,Reneged
Reneged,Reneged,Reneged
Reneged,Reneged,Reneged
29.47480433467031,41.2806363283992,11.805831993728885
Reneged,Reneged,Reneged
Reneged,Reneged,Reneged
Reneged,Reneged,Reneged
18.611956998028774,31.623309436515243,13.011352438486465
Reneged,Reneged,Reneged
30.352797449149648,43.83827017089868,13.48547272174904
35.98562763179018,52.1781877653066,16.192560133516412
Reneged,Reneged,Reneged
Reneged,Reneged,Reneged
Reneged,Reneged,Reneged
Reneged,Reneged,Reneged
Reneged,Reneged,Reneged
Reneged,Reneged,Reneged
Reneged,Reneged,Reneged
Reneged,Reneged,Reneged
Reneged,Reneged,Reneged
Reneged,Reneged,Reneged
22.89861131487305,37.25085619854062,14.352244883667568
Reneged,Reneged,Reneged
Reneged,Reneged,Reneged
Reneged,Reneged,Reneged
24.39046606213779,35.08270150531678,10.69223544317898
Reneged,Reneged,Reneged
21.857938209030777,34.68354167596854,12.82560346693776
33.37322062402774,45.87562378301811,12.502403158990372
Reneged,Reneged,Reneged
Reneged,Reneged,Reneged
13.197085605569669,20.380342505831408,7.183256900261741
6.497606131565817,14.80450080670596,8.306894675140144
Reneged,Reneged,Reneged
0.0,9.19234869327596,9.192348693275965
7.505120665140026,16.17447991308748,8.669359247947467
0.809911150604961,9.379974534700466,8.570063384095512
8.389768128523457,25.736734513038755,17.346966384515277
Reneged,Reneged,Reneged
8.254170528074951,24.676476910926397,16.422306382851474
23.751977081589814,34.499531206727625,10.747554125137796
Reneged,Reneged,Reneged
Reneged,Reneged,Reneged
10.378716676137344,21.297487330339322,10.918770654201964
15.252097559491517,29.642762192054022,14.39066463256248
26.798507205563,42.534669769757215,15.736162564194188
Reneged,Reneged,Reneged
Reneged,Reneged,Reneged
Reneged,Reneged,Reneged
Reneged,Reneged,Reneged
Reneged,Reneged,Reneged
27.53660814401161,36.8836385532573,9.347030409245706
Reneged,Reneged,Reneged
16.99423005756921,28.910346704298547,11.916116646729341
27.732379304972483,41.82735623872975,14.09497693375726
Reneged,Reneged,Reneged
Reneged,Reneged,Reneged
Reneged,Reneged,Reneged
Reneged,Reneged,Reneged
25.274043713020262,39.32939240588047,14.055348692860203
Reneged,Reneged,Reneged
33.596287844506264,43.05198981837458,9.455701973868326
37.80012083795572,54.95760552348548,17.157484685529763
Reneged,Reneged,Reneged
Reneged,Reneged,Reneged
Reneged,Reneged,Reneged
Reneged,Reneged,Reneged
Reneged,Reneged,Reneged
Next Day,Next Day
0,11.17792506299026,11.17792506299026
7.170578025108466,19.154725987733492,11.984147962625027
17.978579967733914,26.005997072364483,8.027417104630569
14.175344151478292,27.730125022621987,13.554780871143699
20.25256858677529,29.70766832907878,9.455099742303485
27.223131302569737,45.70078274792711,18.47765144535736
Reneged,Reneged,Reneged
Reneged,Reneged,Reneged
Reneged,Reneged,Reneged
Reneged,Reneged,Reneged
17.475708411977962,26.05437764488697,8.578669232909004
Reneged,Reneged,Reneged
Reneged,Reneged,Reneged
Reneged,Reneged,Reneged
0.0,9.46731320875098,9.467313208750975
0.0,18.256045996285607,18.256045996285607
5.0406939150791885,17.49212622554795,12.451432310468759
8.971808450178287,27.131504197894287,18.159695747716
6.781991420574116,23.496134138090525,16.714142717516403
Reneged,Reneged,Reneged
Reneged,Reneged,Reneged
11.98702930631083,15.599218892350535,3.61218958603971
9.537064439494145,22.020947582418216,12.483883142924073
9.264503479118872,18.092974832950063,8.828471353831201
Reneged,Reneged,Reneged
14.188582668491108,23.090206839786333,8.901624171295225
17.822722905206746,31.209780023385235,13.3870571181785
Reneged,Reneged,Reneged
Reneged,Reneged,Reneged
27.806143736159555,43.7347350006805,15.928591264520946
29.727388881283474,38.181291122826735,8.453902241543258
Reneged,Reneged,Reneged
27.201076792728685,36.602687836609704,9.40161104388103
Reneged,Reneged,Reneged
Reneged,Reneged,Reneged
30.154222113818406,35.73480019109533,5.580578077276907
Reneged,Reneged,Reneged
18.99922242158567,34.98109469473741,15.98187227315176
Reneged,Reneged,Reneged
Reneged,Reneged,Reneged
Reneged,Reneged,Reneged
Reneged,Reneged,Reneged
23.333595476246217,39.781211088604266,16.447615612358028
Reneged,Reneged,Reneged
30.205598523952972,47.64018674240481,17.434588218451836
Reneged,Reneged,Reneged
Reneged,Reneged,Reneged
Reneged,Reneged,Reneged
Reneged,Reneged,Reneged
Reneged,Reneged,Reneged
Reneged,Reneged,Reneged
0.0,14.5933616357716,14.593361635771618
5.492389555588829,18.640200675949927,13.147811120361077
15.07942787835492,26.509814811157696,11.43038693280277
24.570783027836512,35.043629455984615,10.472846428148081
18.367868111459188,33.66877568571937,15.300907574260156
23.85688239805671,37.709865041637556,13.852982643580827
33.85952556178029,41.67858932540901,7.81906376362873
Reneged,Reneged,Reneged
28.950331855343222,36.86338139043784,7.913049535094603
25.946258028245722,30.91168167062915,4.9654236423834375
30.76073484369533,0,13.054599390573774
Reneged,Reneged,Reneged
Reneged,Reneged,Reneged
Reneged,Reneged,Reneged
0,0,0
Next Day,Next Day
0,9.193647927338517,9.193647927338517
8.945856255499422,19.807043202088288,10.861186946588864
17.168346744700443,28.640155769904098,11.471809025203655
26.98667884448256,46.939125333980826,19.95244648949826
Reneged,Reneged,Reneged
Reneged,Reneged,Reneged
Reneged,Reneged,Reneged
Reneged,Reneged,Reneged
Reneged,Reneged,Reneged
25.110950503166038,40.0336773514404,14.922726848274372
Reneged,Reneged,Reneged
28.032906533375453,43.05405879123876,15.021152257863305
Reneged,Reneged,Reneged
Reneged,Reneged,Reneged
Reneged,Reneged,Reneged
Reneged,Reneged,Reneged
Reneged,Reneged,Reneged
27.92604194807319,41.263085087459956,13.337043139386765
Reneged,Reneged,Reneged
Reneged,Reneged,Reneged
Reneged,Reneged,Reneged
Reneged,Reneged,Reneged
6.743973330457834,13.999821763634728,7.255848433176891
0.0,14.971092376243746,14.971092376243742
0.0,13.849838193167983,13.849838193167985
0.0,7.962737046076285,7.962737046076295
0.49440324585589224,12.692530429322233,12.198127183466353
6.017316133254951,15.339591841458315,9.32227570820336
12.354446547269987,25.377150048514352,13.022703501244365
Reneged,Reneged,Reneged
Reneged,Reneged,Reneged
Reneged,Reneged,Reneged
21.422074911196404,39.70626250945597,18.28418759825956
Reneged,Reneged,Reneged
23.559310311022728,32.73611249176861,9.176802180745877
Reneged,Reneged,Reneged
16.836500248895675,33.513499016241354,16.676998767345683
Reneged,Reneged,Reneged
Reneged,Reneged,Reneged
28.97488204842159,46.466391212723096,17.49150916430153
Reneged,Reneged,Reneged
36.935356389922504,50.818284104604516,13.882927714682038
Reneged,Reneged,Reneged
Reneged,Reneged,Reneged
Reneged,Reneged,Reneged
Reneged,Reneged,Reneged
26.173200357458484,40.6830157505467,14.509815393088214
Reneged,Reneged,Reneged
Reneged,Reneged,Reneged
Reneged,Reneged,Reneged
7.698467159985569,19.73519574971249,12.036728589726941
19.043431156522615,34.43314859216531,15.389717435642686
32.47005493221167,41.01646848331944,8.546413551107797
Reneged,Reneged,Reneged
Reneged,Reneged,Reneged
36.1614622594455,47.21500529246646,11.053543033020963
Reneged,Reneged,Reneged
Reneged,Reneged,Reneged
17.224538626250364,22.92454453769176,5.700005911441403
11.008745806301533,24.157815654559897,13.149069848258359
16.564779232018452,27.126425141934646,10.561645909916209
Reneged,Reneged,Reneged
Reneged,Reneged,Reneged
22.3085067864601,37.283474170320346,14.97496738386022
Reneged,Reneged,Reneged
28.734594063882923,44.253854800206284,15.519260736323366
Reneged,Reneged,Reneged
Reneged,Reneged,Reneged
22.715886868182395,0,18.621547949516007
Reneged,Reneged,Reneged
Reneged,Reneged,Reneged
0,0,0
0,0,0
Reneged,Reneged,Reneged
Next Day,Next Day
0,18.82026485609639,18.82026485609639
10.684227612880859,19.366443752820857,8.682216139940001
15.22376253319161,31.294572165969726,16.070809632778115
30.789715360888543,40.533215348274446,9.743499987385901
Reneged,Reneged,Reneged
Reneged,Reneged,Reneged
Reneged,Reneged,Reneged
Reneged,Reneged,Reneged
22.06651759886908,30.779759158054798,8.713241559185716
Reneged,Reneged,Reneged
19.751353978931135,27.51290086157094,7.761546882639809
24.898194384885954,32.14923670023711,7.251042315351158
Reneged,Reneged,Reneged
Reneged,Reneged,Reneged
9.474921566907014,20.435167442171007,10.960245875263993
Reneged,Reneged,Reneged
10.429405986391941,22.985900387787098,12.556494401395163
Reneged,Reneged,Reneged
17.752496126830295,26.548705686292564,8.796209559462268
23.24682850009944,28.394480971752813,5.1476524716533705
Reneged,Reneged,Reneged
20.30796798297544,31.172661037338386,10.864693054362938
26.983060291540127,39.93239234060475,12.949332049064616
Reneged,Reneged,Reneged
0.9314252365043103,12.748146959459575,11.816721722955256
12.407681693571675,25.57541577147356,13.16773407790187
Reneged,Reneged,Reneged
13.795140717261944,34.848832662470585,21.053691945208655
Reneged,Reneged,Reneged
Reneged,Reneged,Reneged
19.860237157528104,31.834465169705112,11.974228012176996
Reneged,Reneged,Reneged
25.600530155982142,39.44408405224911,13.843553896266975
Reneged,Reneged,Reneged
Reneged,Reneged,Reneged
Reneged,Reneged,Reneged
Reneged,Reneged,Reneged
11.97575804297432,25.752653468137396,13.776895425163085
19.512612248033406,32.4719663066513,12.959354058617876
32.39660658902517,48.7686365765708,16.37202998754564
Reneged,Reneged,Reneged
Reneged,Reneged,Reneged
28.26304226765845,39.88016173077153,11.617119463113065
Reneged,Reneged,Reneged
22.646485023445024,34.530329731487456,11.883844708042417
0.0,13.164502822021745,13.164502822021735
3.043564991550568,16.857743490812254,13.814178499261685
13.608281085125213,23.237022384418253,9.628741299293027
Reneged,Reneged,Reneged
9.571540152044804,19.90466141721663,10.333121265171812
Reneged,Reneged,Reneged
17.53169168951257,28.35980858102141,10.82811689150885
25.347513678207292,31.594637755715382,6.247124077508107
29.62340064158485,39.40683567831314,9.783435036728292
Reneged,Reneged,Reneged
Reneged,Reneged,Reneged
33.47138828960391,49.90040619014735,16.42901790054343
Reneged,Reneged,Reneged
Reneged,Reneged,Reneged
Reneged,Reneged,Reneged
28.77234655874753,40.9263715165597,12.154024957812156
6.414498177695293,26.184424234725213,19.769926057029906
25.831469823558166,41.38563340031203,15.554163576753886
Reneged,Reneged,Reneged
Reneged,Reneged,Reneged
Reneged,Reneged,Reneged
Reneged,Reneged,Reneged
Reneged,Reneged,Reneged
Next Day,Next Day
0,14.59088367907573,14.59088367907573
10.388168216769255,23.97275352231956,13.584585305550304
Reneged,Reneged,Reneged
11.300938455600864,19.409499252537593,8.10856079693673
12.160958403611758,28.530419923321105,16.36946151970935
19.015622996325767,30.715206819265525,11.69958382293975
23.440507370038276,39.89325558569257,16.452748215654296
Reneged,Reneged,Reneged
26.523426833510754,36.864799101269014,10.341372267758263
Reneged,Reneged,Reneged
33.497698510377724,45.76863532921937,12.270936818841642
Reneged,Reneged,Reneged
Reneged,Reneged,Reneged
Reneged,Reneged,Reneged
Reneged,Reneged,Reneged
Reneged,Reneged,Reneged
Reneged,Reneged,Reneged
Reneged,Reneged,Reneged
Reneged,Reneged,Reneged
Reneged,Reneged,Reneged
Reneged,Reneged,Reneged
7.268198888363756,14.222157964774212,6.95395907641046
Reneged,Reneged,Reneged
6.148831820744505,24.412231178860154,18.263399358115645
2.3533759572056425,11.16494137506244,8.811565417856798
1.3296906819535081,7.659373616629864,6.3296829346763515
0.0,19.77184316681496,19.771843166814953
19.044524051115218,31.606263934275233,12.561739883160024
Reneged,Reneged,Reneged
Reneged,Reneged,Reneged
13.371485787070355,23.332949710225705,9.961463923155339
21.453716957077688,33.39242491005842,11.938707952980744
Reneged,Reneged,Reneged
Reneged,Reneged,Reneged
Reneged,Reneged,Reneged
1.497435446749364,6.6065932676944215,5.109157820945057
4.440750878372086,16.183094688400786,11.742343810028704
Reneged,Reneged,Reneged
14.102989212614602,25.286082022799746,11.183092810185153
17.6781386974032,25.396145541911608,7.718006844508422
15.68758833537811,34.929930737564575,19.24234240218647
Reneged,Reneged,Reneged
21.441659634352675,32.72590055353254,11.284240919179865
Reneged,Reneged,Reneged
15.58899061134224,26.561644266596375,10.972653655254117
14.573822697575565,29.563255316093432,14.989432618517839
Reneged,Reneged,Reneged
Reneged,Reneged,Reneged
2.3617291425772464,19.40952679345645,17.047797650879225
15.971660920878435,19.217104459740312,3.2454435388618528
10.21688453914669,21.29698844973899,11.0801039105923
11.163849907298584,20.218173527471947,9.05432362017334
3.068594193454203,11.524285048353363,8.455690854899172
11.386924598372104,22.03038234980079,10.643457751428658
Reneged,Reneged,Reneged
13.23500044168901,32.23989355723978,19.00489311555076
29.726847322863364,44.90049243357481,15.173645110711448
Reneged,Reneged,Reneged
31.19512556435558,43.16818867478486,11.973063110429266
Reneged,Reneged,Reneged
Reneged,Reneged,Reneged
Reneged,Reneged,Reneged
Reneged,Reneged,Reneged
Reneged,Reneged,Reneged
29.051791943436626,40.555069032891595,11.503277089454965
Reneged,Reneged,Reneged
27.481677779944448,0,8.709720446608406
0,0,0
Reneged,Reneged,Reneged
Reneged,Reneged,Reneged
Next Day,Next Day
0,16.01529503521159,16.01529503521159
15.367816475165089,30.064895195712516,14.697078720547426
23.950675876303976,37.47925033175574,13.528574455451768
Reneged,Reneged,Reneged
31.661937454859785,48.6455333433544,16.98359588849462
Reneged,Reneged,Reneged
Reneged,Reneged,Reneged
Reneged,Reneged,Reneged
Reneged,Reneged,Reneged
Reneged,Reneged,Reneged
Reneged,Reneged,Reneged
Reneged,Reneged,Reneged
13.940352570625357,29.88750737478027,15.947154804154907
11.005650181281737,21.994640111541273,10.988989930259535
21.847874744813268,31.384016781089343,9.53614203627608
Reneged,Reneged,Reneged
Reneged,Reneged,Reneged
Reneged,Reneged,Reneged
Reneged,Reneged,Reneged
22.343341584549563,33.31991708510803,10.976575500558466
31.65254131802061,39.64898400954381,7.996442691523196
Reneged,Reneged,Reneged
Reneged,Reneged,Reneged
Reneged,Reneged,Reneged
Reneged,Reneged,Reneged
Reneged,Reneged,Reneged
19.99925587721124,37.05754464859099,17.058288771379754
Reneged,Reneged,Reneged
33.88489404988442,47.78776818435361,13.902874134469176
Reneged,Reneged,Reneged
Reneged,Reneged,Reneged
Reneged,Reneged,Reneged
Reneged,Reneged,Reneged
5.0378050358489475,14.12620616612395,9.088401130275013
12.859171406001792,27.084616782830892,14.225445376829091
19.53894249379482,32.5538238871016,13.014881393306776
11.439805064083885,23.00952048298359,11.569715418899719
19.19220580056529,32.67346094562106,13.481255145055759
Reneged,Reneged,Reneged
Reneged,Reneged,Reneged
28.82914592286616,45.738764704688634,16.90961878182248
Reneged,Reneged,Reneged
19.73806098463291,37.30746450199763,17.56940351736473
Reneged,Reneged,Reneged
Reneged,Reneged,Reneged
32.960195095272724,40.46713797411712,7.506942878844393
Reneged,Reneged,Reneged
Reneged,Reneged,Reneged
Reneged,Reneged,Reneged
Reneged,Reneged,Reneged
22.64465191320943,32.10159864400117,9.456946730791735
30.378326449611762,51.667456780680055,21.289130331068307
Reneged,Reneged,Reneged
Reneged,Reneged,Reneged
Reneged,Reneged,Reneged
Reneged,Reneged,Reneged
28.353340199500536,38.961893648653216,10.608553449152655
Reneged,Reneged,Reneged
25.595178698629525,39.1889194805471,13.59374078191759
Reneged,Reneged,Reneged
31.007187216750197,41.21376273782187,10.206575521071661
Reneged,Reneged,Reneged
Reneged,Reneged,Reneged
23.74710885353636,37.4094637691623,13.662354915625924
13.947586383687167,27.81867520466642,13.871088820979246
Reneged,Reneged,Reneged
25.047644674925152,38.09544400293322,13.04779932800805
Reneged,Reneged,Reneged
24.793434119697622,33.112681533224645,8.319247413527036
23.613434016878273,36.35952158067778,12.74608756379951
Reneged,Reneged,Reneged
Reneged,Reneged,Reneged
Reneged,Reneged,Reneged
23.507331737158665,35.26906400923241,11.761732272073756
Reneged,Reneged,Reneged
Reneged,Reneged,Reneged
Reneged,Reneged,Reneged
Reneged,Reneged,Reneged
Reneged,Reneged,Reneged
16.543144690393888,40.26613347773343,23.72298878733953
Reneged,Reneged,Reneged
Reneged,Reneged,Reneged
Reneged,Reneged,Reneged
Reneged,Reneged,Reneged
Reneged,Reneged,Reneged
Reneged,Reneged,Reneged
Reneged,Reneged,Reneged
Reneged,Reneged,Reneged
15.968317034448091,0,18.680273190387652
0,0,0
0,0,0
0,0,0
0,0,0
0,0,0
0,0,0
Next Day,Next Day
0,11.02605487729366,11.02605487729366
9.577417726468271,22.471396538211366,12.893978811743093
19.4782484267924,34.45633204974957,14.97808362295717
Reneged,Reneged,Reneged
Reneged,Reneged,Reneged
19.5027714335347,33.68504757070254,14.182276137167836
30.921397026738298,41.69247383628893,10.771076809550639
Reneged,Reneged,Reneged
31.354193451601923,46.91436032681785,15.560166875215927
Reneged,Reneged,Reneged
Reneged,Reneged,Reneged
Reneged,Reneged,Reneged
Reneged,Reneged,Reneged
21.68700580309529,33.84038558955642,12.153379786461135
Reneged,Reneged,Reneged
33.31690832093967,42.316544754542,8.999636433602339
Reneged,Reneged,Reneged
26.19747219713595,42.34434102209765,16.146868824961707
38.44295766222204,52.80053724545412,14.357579583232086
Reneged,Reneged,Reneged
Reneged,Reneged,Reneged
Reneged,Reneged,Reneged
Reneged,Reneged,Reneged
23.436839256544616,32.41926996142247,8.982430704877864
Reneged,Reneged,Reneged
Reneged,Reneged,Reneged
29.66090834203257,39.89998776637256,10.239079424339991
Reneged,Reneged,Reneged
Reneged,Reneged,Reneged
Reneged,Reneged,Reneged
Reneged,Reneged,Reneged
Reneged,Reneged,Reneged
29.428318956463002,44.452096533747934,15.02377757728494
Reneged,Reneged,Reneged
Reneged,Reneged,Reneged
28.011317437895542,36.434765389825884,8.42344795193035
Reneged,Reneged,Reneged
19.78841298485446,33.769101588988775,13.980688604134324
Reneged,Reneged,Reneged
Reneged,Reneged,Reneged
29.602190211521304,42.88682374004384,13.284633528522525
Reneged,Reneged,Reneged
Reneged,Reneged,Reneged
Reneged,Reneged,Reneged
24.71271348642287,32.23784110891998,7.525127622497107
Reneged,Reneged,Reneged
Reneged,Reneged,Reneged
28.674862620463614,42.97711549871744,14.302252878253833
Reneged,Reneged,Reneged
Reneged,Reneged,Reneged
11.40686998451605,24.767367715175794,13.360497730659741
Reneged,Reneged,Reneged
18.564463053304877,25.86986098284825,7.305397929543373
22.846683037212983,35.33785719104631,12.49117415383334
Reneged,Reneged,Reneged
Reneged,Reneged,Reneged
0.0,13.992121543566327,13.992121543566334
Reneged,Reneged,Reneged
2.905804024973918,11.202437029721409,8.296633004747518
5.981491948984512,23.37020011305674,17.388708164072206
17.495036214369634,22.40520160117495,4.910165386805306
Reneged,Reneged,Reneged
16.745622457067896,33.50155722331988,16.75593476625199
Reneged,Reneged,Reneged
Reneged,Reneged,Reneged
24.01910396594849,28.27371857308185,4.254614607133391
Reneged,Reneged,Reneged
Reneged,Reneged,Reneged
19.14933607722037,24.85479135059063,5.705455273370254
20.920098911709147,22.75446764630891,1.834368734599769
Reneged,Reneged,Reneged
6.601033672743142,13.706454037419064,7.105420364675918
12.722238702042262,31.07094406315821,18.348705361115968
24.491277017345283,38.85730983590395,14.366032818558686
Reneged,Reneged,Reneged
Reneged,Reneged,Reneged
Reneged,Reneged,Reneged
27.631361064511168,39.80407147805863,12.17271041354746
Reneged,Reneged,Reneged
17.874280597200425,26.14329165003886,8.269011052838444
22.231596814577642,36.457958724522086,14.226361909944448
Reneged,Reneged,Reneged
Reneged,Reneged,Reneged
27.694786701946782,0,8.284632006544998
0,0,0
Reneged,Reneged,Reneged
Reneged,Reneged,Reneged
0,0,0
0,0,0
0,0,0
0,0,0
0,0,0
0,0,0
Next Day,Next Day
0,17.57356293139231,17.57356293139231
9.24248531810753,33.75488200179174,24.512396683684216
Reneged,Reneged,Reneged
Reneged,Reneged,Reneged
17.0071284323111,28.41796000426973,11.410831571958628
27.529099359172136,43.602333310236006,16.073233951063866
Reneged,Reneged,Reneged
20.06371756539656,30.167175835931204,10.103458270534652
Reneged,Reneged,Reneged
24.378341858414146,33.570900004899016,9.19255814648487
13.135594561762545,25.757572309865225,12.621977748102676
9.74460128138702,15.065182482106096,5.320581200719075
3.1555762764573245,17.769395210945987,14.613818934488666
2.5217074593646345,11.853054467388674,9.331347008024048
4.513738021466565,17.93916090411153,13.425422882644956
12.933779290450815,25.144380329539047,12.21060103908823
0.0,11.49398350334863,11.493983503348618
2.271455071928898,9.230411304610186,6.958956232681288
0.6793685033466375,14.549526035339738,13.87015753199309
11.87068402073615,13.902700314510184,2.0320162937740474
Reneged,Reneged,Reneged
10.092271561304472,24.33391045900032,14.241638897695854
21.28572856966207,28.082289468867287,6.796560899205219
25.089382761679644,39.28194667186878,14.192563910189126
Reneged,Reneged,Reneged
Reneged,Reneged,Reneged
Reneged,Reneged,Reneged
Reneged,Reneged,Reneged
18.63870569334094,25.26654088459844,6.627835191257497
Reneged,Reneged,Reneged
18.951553921593842,33.04699381763899,14.095439896045152
Reneged,Reneged,Reneged
30.592367764278578,45.03590793274347,14.443540168464915
Reneged,Reneged,Reneged
Reneged,Reneged,Reneged
Reneged,Reneged,Reneged
16.97088483092287,31.527723596313734,14.556838765390875
Reneged,Reneged,Reneged
22.73482608048704,34.901603168879774,12.166777088392738
13.04130442492334,17.449161219934865,4.407856795011499
13.145046521984227,23.46990619808969,10.324859676105476
Reneged,Reneged,Reneged
19.827634092642597,35.85829727125008,16.030663178607455
Reneged,Reneged,Reneged
Reneged,Reneged,Reneged
27.502686347158374,37.309854757995424,9.807168410837068
26.146300764167847,42.6803094747479,16.534008710580032
Reneged,Reneged,Reneged
0.0,6.819529706437947,6.819529706437945
5.464061775382788,20.404273522874178,14.94021174749141
Reneged,Reneged,Reneged
18.925084866292423,34.197992635147784,15.272907768855367
Reneged,Reneged,Reneged
29.519444842788516,39.172278013938126,9.652833171149602
Reneged,Reneged,Reneged
Reneged,Reneged,Reneged
25.635546031762374,32.96391357360466,7.328367541842268
Reneged,Reneged,Reneged
16.49172499421718,0,15.464769684677
Reneged,Reneged,Reneged
Next Day,Next Day
0,8.186303144823427,8.186303144823427
2.009133102581159,11.980782626207482,9.971649523626322
Reneged,Reneged,Reneged
0.0,14.416268686325807,14.416268686325807
9.046302308101122,21.883690774345357,12.837388466244235
15.816151785792925,25.911785405097945,10.095633619305017
Reneged,Reneged,Reneged
17.925541633548725,29.159819402809006,11.234277769260279
Reneged,Reneged,Reneged
13.71793712347398,25.295361261554213,11.577424138080227
Reneged,Reneged,Reneged
Reneged,Reneged,Reneged
11.310541388778518,19.281465425191172,7.970924036412656
Reneged,Reneged,Reneged
11.570787846380469,20.65150102789353,9.080713181513056
17.755030026574033,28.35886549299454,10.603835466420513
Reneged,Reneged,Reneged
14.25849290315955,27.190621377948077,12.932128474788524
Reneged,Reneged,Reneged
Reneged,Reneged,Reneged
13.243123102335645,20.428468053877864,7.185344951542225
13.19600425678648,23.88117980503931,10.68517554825282
23.52925053873504,31.407000406897353,7.877749868162311
21.217690003112125,33.976507309665124,12.75881730655299
26.914976272206673,37.803278804742774,10.888302532536105
Reneged,Reneged,Reneged
Reneged,Reneged,Reneged
Reneged,Reneged,Reneged
11.932252003735215,18.37277232907161,6.4405203253364
13.493489153802358,29.46213751187173,15.968648358069387
Reneged,Reneged,Reneged
25.883537455536185,39.9853729091526,14.101835453616419
Reneged,Reneged,Reneged
Reneged,Reneged,Reneged
25.056122026746777,32.89070504728366,7.83458302053688
Reneged,Reneged,Reneged
17.987737151101868,32.639730372765655,14.651993221663774
Reneged,Reneged,Reneged
Reneged,Reneged,Reneged
22.615414096259997,33.74578493439907,11.13037083813908
Reneged,Reneged,Reneged
17.35428626680664,25.55194416832532,8.197657901518685
Reneged,Reneged,Reneged
Reneged,Reneged,Reneged
14.533032463858461,31.96711903077258,17.434086566914136
28.03101405266645,37.876967652653406,9.84595359998697
Reneged,Reneged,Reneged
24.106595591453868,36.40218506788864,12.295589476434769
Reneged,Reneged,Reneged
Reneged,Reneged,Reneged
6.307971326359848,22.808787059658755,16.500815733298893
8.237609341607481,23.609787605207543,15.37217826360009
Reneged,Reneged,Reneged
12.405839371916159,24.96176566144834,12.555926289532161
Reneged,Reneged,Reneged
17.434280788424587,30.736508470085823,13.302227681661245
Reneged,Reneged,Reneged
28.37441491408697,34.246855739625744,5.872440825538802
Reneged,Reneged,Reneged
26.772894058257975,37.695041579920144,10.92214752166218
Reneged,Reneged,Reneged
Reneged,Reneged,Reneged
20.134925392533376,29.93903392341082,9.804108530877443
27.58828028546185,40.40645723131456,12.818176945852718
Reneged,Reneged,Reneged
Reneged,Reneged,Reneged
Reneged,Reneged,Reneged
Reneged,Reneged,Reneged
Reneged,Reneged,Reneged
15.26678202501148,30.794151243886063,15.527369218874608
Reneged,Reneged,Reneged
16.761363006183558,29.268006616444154,12.506643610260623
Next Day,Next Day
0,2.7232231676065712,2.7232231676065712
0.0,9.717135076753243,9.717135076753241
7.016224875385557,17.197181058226086,10.180956182840529
3.9332447427515085,18.969597576332966,15.036352833581459
18.763482726038422,35.20753278472945,16.44405005869103
Reneged,Reneged,Reneged
18.193745744403145,32.735003759334035,14.541258014930891
Reneged,Reneged,Reneged
Reneged,Reneged,Reneged
20.343661845854072,29.303791671064673,8.960129825210597
19.747989426292364,34.516810393853646,14.768820967561279
Reneged,Reneged,Reneged
21.494495056621147,33.959104729046885,12.46460967242574
31.928720117032015,39.1256097332315,7.196889616199488
Reneged,Reneged,Reneged
Reneged,Reneged,Reneged
30.994883771740803,47.75404871191891,16.7591649401781
Reneged,Reneged,Reneged
Reneged,Reneged,Reneged
Reneged,Reneged,Reneged
Reneged,Reneged,Reneged
22.88353141899951,36.273258614345494,13.38972719534597
Reneged,Reneged,Reneged
Reneged,Reneged,Reneged
Reneged,Reneged,Reneged
15.381804184499657,24.951116230071108,9.569312045571454
Reneged,Reneged,Reneged
Reneged,Reneged,Reneged
8.871256461180081,18.75393705704326,9.882680595863173
Reneged,Reneged,Reneged
13.562454444268184,28.19563867308696,14.63318422881877
Reneged,Reneged,Reneged
16.74189510504206,19.00256875533546,2.2606736502933895
11.658785740935144,34.53530432060265,22.876518579667504
Reneged,Reneged,Reneged
Reneged,Reneged,Reneged
17.997500303707113,29.230303133838618,11.232802830131497
Reneged,Reneged,Reneged
Reneged,Reneged,Reneged
15.463022429678432,29.55197893532278,14.088956505644333
18.75935644385936,28.91339410820146,10.154037664342102
22.440873021512004,36.37559126099825,13.934718239486257
Reneged,Reneged,Reneged
34.902617510187724,43.30093860372634,8.398321093538609
Reneged,Reneged,Reneged
Reneged,Reneged,Reneged
Reneged,Reneged,Reneged
Reneged,Reneged,Reneged
Reneged,Reneged,Reneged
Reneged,Reneged,Reneged
Reneged,Reneged,Reneged
11.73787532602725,23.124594046992428,11.386718720965197
21.663639537333296,34.98471982092761,13.321080283594322
Reneged,Reneged,Reneged
0.0,11.831209034423352,11.831209034423356
6.97987586050499,19.86493061983475,12.88505475932976
Reneged,Reneged,Reneged
Reneged,Reneged,Reneged
7.080568627331843,20.037949766542226,12.957381139210387
10.429941183021924,22.91604936628198,12.486108183260045
22.494915039690625,38.2917187975238,15.796803757833182
Reneged,Reneged,Reneged
Reneged,Reneged,Reneged
Reneged,Reneged,Reneged
0.0,13.520460831544028,13.52046083154403
13.095429517268371,21.394452797848885,8.299023280580528
15.526120730360333,28.09260190753065,12.566481177170317
24.74424853459857,42.877751414049726,18.13350287945118
Reneged,Reneged,Reneged
Reneged,Reneged,Reneged
Reneged,Reneged,Reneged
Reneged,Reneged,Reneged
8.296951433267395,0,16.08249889889883
0,0,0
Next Day,Next Day
0,13.005619035811058,13.005619035811058
Reneged,Reneged,Reneged
Reneged,Reneged,Reneged
6.01204229651067,10.842157285282205,4.830114988771535
10.803964725966797,19.974469179375635,9.170504453408837
Reneged,Reneged,Reneged
17.984269189572327,33.90513724316088,15.920868053588558
Reneged,Reneged,Reneged
0.5274216719224114,10.477309069817196,9.949887397894782
0.42379172562695544,9.251109660792501,8.827317935165542
3.3837570136749306,19.185753740162447,15.801996726487523
Reneged,Reneged,Reneged
7.0592057924492195,18.025085373057777,10.965879580608556
11.535787568672916,28.24710767278401,16.71132010411109
Reneged,Reneged,Reneged
26.54315012108009,36.84164718723787,10.298497066157784
Reneged,Reneged,Reneged
Reneged,Reneged,Reneged
Reneged,Reneged,Reneged
Reneged,Reneged,Reneged
23.92295801084083,43.891465871170254,19.968507860329435
Reneged,Reneged,Reneged
Reneged,Reneged,Reneged
Reneged,Reneged,Reneged
Reneged,Reneged,Reneged
27.94177589586897,34.2060168128703,6.264240917001339
Reneged,Reneged,Reneged
Reneged,Reneged,Reneged
Reneged,Reneged,Reneged
Reneged,Reneged,Reneged
Reneged,Reneged,Reneged
Reneged,Reneged,Reneged
18.70156990040813,36.51973198673285,17.81816208632472
Reneged,Reneged,Reneged
Reneged,Reneged,Reneged
Reneged,Reneged,Reneged
Reneged,Reneged,Reneged
16.383489223368628,28.502601492655344,12.119112269286724
28.03009043725308,40.70254949346497,12.672459056211897
14.892465495857948,27.298820449265122,12.406354953407165
Reneged,Reneged,Reneged
Reneged,Reneged,Reneged
0.0,16.75941531288072,16.759415312880716
5.265294483344491,21.940582904131645,16.675288420787155
5.086610011131,24.392771279286904,19.306161268155908
Reneged,Reneged,Reneged
21.76304477612109,36.1268964950217,14.36385171890063
Reneged,Reneged,Reneged
Reneged,Reneged,Reneged
Reneged,Reneged,Reneged
0.0,10.819835356667966,10.819835356667955
10.263989356080288,20.925891293435768,10.661901937355504
18.905301811318623,32.86289808118687,13.957596269868262
Reneged,Reneged,Reneged
Reneged,Reneged,Reneged
Reneged,Reneged,Reneged
Reneged,Reneged,Reneged
25.08685827027955,34.63550388433612,9.54864561405655
13.723659190641968,29.29922592934338,15.575566738701427
24.603902817012056,39.12017560350387,14.516272786491811
Reneged,Reneged,Reneged
Reneged,Reneged,Reneged
Reneged,Reneged,Reneged
Reneged,Reneged,Reneged
23.793343003592952,38.13810904878193,14.34476604518898
Reneged,Reneged,Reneged
Reneged,Reneged,Reneged
Reneged,Reneged,Reneged
Reneged,Reneged,Reneged
Reneged,Reneged,Reneged
14.98123031668689,29.96765162220862,14.98642130552171
Reneged,Reneged,Reneged
18.708124063711182,30.511566255154094,11.803442191442914
27.369814694599825,37.91972297689313,10.54990828229328
Reneged,Reneged,Reneged
19.980672727790022,28.902764949476875,8.922092221686844
Reneged,Reneged,Reneged
Reneged,Reneged,Reneged
Reneged,Reneged,Reneged
Next Day,Next Day
0,12.106485174550464,12.106485174550464
8.197831330409823,22.426266704476195,14.228435374066374
17.252493231158528,24.61678380456215,7.364290573403624
23.85952910195853,35.63894529301648,11.779416191057944
Reneged,Reneged,Reneged
Reneged,Reneged,Reneged
Reneged,Reneged,Reneged
Reneged,Reneged,Reneged
Reneged,Reneged,Reneged
18.393287595039215,31.937734295722247,13.544446700683034
Reneged,Reneged,Reneged
28.061744093717863,37.0133531923587,8.951609098640832
Reneged,Reneged,Reneged
Reneged,Reneged,Reneged
Reneged,Reneged,Reneged
Reneged,Reneged,Reneged
16.978573068267337,36.4629537553208,19.484380687053463
Reneged,Reneged,Reneged
27.412146537588427,43.70073258117888,16.28858604359046
Reneged,Reneged,Reneged
Reneged,Reneged,Reneged
Reneged,Reneged,Reneged
22.57215955631557,32.13792553244785,9.565765976132283
Reneged,Reneged,Reneged
27.993603703876033,41.13985725308402,13.146253549207987
Reneged,Reneged,Reneged
Reneged,Reneged,Reneged
Reneged,Reneged,Reneged
Reneged,Reneged,Reneged
Reneged,Reneged,Reneged
Reneged,Reneged,Reneged
0.5770939708277041,24.124251917347607,23.54715794651991
19.681859131706915,33.43374319301063,13.751884061303715
Reneged,Reneged,Reneged
31.77428434646879,43.48585876820542,11.711574421736628
Reneged,Reneged,Reneged
Reneged,Reneged,Reneged
Reneged,Reneged,Reneged
11.7375620550323,30.786477562114243,19.048915507081936
Reneged,Reneged,Reneged
15.322322908102905,30.855585597863353,15.533262689760445
26.988743631667774,32.848206476775374,5.85946284510759
26.008808346148072,37.15015264412273,11.141344297974653
Reneged,Reneged,Reneged
15.546598325948736,25.134174494122902,9.587576168174163
16.902365332849172,32.292835438382156,15.390470105532977
31.55382146059631,34.24619036267126,2.6923689020749393
Reneged,Reneged,Reneged
Reneged,Reneged,Reneged
Reneged,Reneged,Reneged
2.5987332148926328,16.281632678400257,13.68289946350763
2.196351128216122,15.514621895915525,13.318270767699419
Reneged,Reneged,Reneged
4.251517419526522,15.908624911074071,11.657107491547567
5.914659419318923,11.795673225398673,5.88101380607977
11.330081536205341,20.496010746246895,9.165929210041536
9.926989971119724,24.056563086101562,14.129573114981815
14.611197193309465,32.14033298203361,17.52913578872417
25.856636689587674,38.285138433269594,12.42850174368191
36.48056251440107,47.573124971745585,11.09256245734452
Reneged,Reneged,Reneged
Reneged,Reneged,Reneged
Reneged,Reneged,Reneged
Reneged,Reneged,Reneged
Reneged,Reneged,Reneged
Reneged,Reneged,Reneged
Reneged,Reneged,Reneged
Reneged,Reneged,Reneged
Reneged,Reneged,Reneged
20.48441151431433,35.79085876742812,15.306447253113799
Reneged,Reneged,Reneged
Reneged,Reneged,Reneged
11.239163375229111,16.245219613808615,5.006056238579508
10.64134672482652,22.286585072712285,11.64523834788575
Reneged,Reneged,Reneged
Reneged,Reneged,Reneged
1.697520244637019,17.832228927680035,16.134708683043034
Next Day,Next Day
0,6.500782251216883,6.500782251216883
4.403180907665123,17.25116907742567,12.847988169760544
17.106567948241775,28.822811160713766,11.71624321247199
Reneged,Reneged,Reneged
16.900697237800443,22.79044515382835,5.889747916027907
14.970373001686252,24.983162929559054,10.012789927872802
18.393546071884046,25.960326508972543,7.5667804370884975
25.572680869331535,33.486564061197285,7.913883191865754
31.340776718921123,49.92115657492137,18.580379856000242
Reneged,Reneged,Reneged
Reneged,Reneged,Reneged
27.921783753836138,33.38510067620415,5.463316922368004
16.04025122020684,27.922465159145318,11.882213938938472
Reneged,Reneged,Reneged
Reneged,Reneged,Reneged
19.84925159127586,29.002743117537236,9.15349152626138
Reneged,Reneged,Reneged
14.839398396402416,19.628791618850045,4.7893932224476305
15.522803431344713,25.311816032615624,9.789012601270906
22.010482957623836,33.775582743209924,11.765099785586099
Reneged,Reneged,Reneged
24.960793207875497,36.90260782323273,11.941814615357234
Reneged,Reneged,Reneged
27.49762434037541,38.0749815897606,10.577357249385194
29.29130841209947,40.92214889597257,11.630840483873097
Reneged,Reneged,Reneged
18.543595933301503,33.977761462296485,15.434165528994974
Reneged,Reneged,Reneged
33.410657236270225,48.66577387952847,15.255116643258251
Reneged,Reneged,Reneged
Reneged,Reneged,Reneged
Reneged,Reneged,Reneged
Reneged,Reneged,Reneged
6.215842714505413,21.962749597107745,15.74690688260233
15.916912780342926,27.298299443359525,11.381386663016608
19.678775076137924,35.63762815382046,15.958853077682534
Reneged,Reneged,Reneged
18.175129332309496,26.696045207922225,8.520915875612737
Reneged,Reneged,Reneged
23.78008445968345,30.545567287179495,6.765482827496036
Reneged,Reneged,Reneged
25.633197712385936,33.42473922786593,7.791541515479965
Reneged,Reneged,Reneged
17.793374509454537,32.623518475057125,14.830143965602598
Reneged,Reneged,Reneged
19.200520654059403,35.22751604064564,16.02699538658625
Reneged,Reneged,Reneged
Reneged,Reneged,Reneged
12.211121115999788,28.117176769715684,15.906055653715883
Reneged,Reneged,Reneged
25.08152916724697,35.37847778945468,10.296948622207697
Reneged,Reneged,Reneged
Reneged,Reneged,Reneged
23.679648706925377,29.320185909234738,5.640537202309362
20.90786991360943,32.71249112274893,11.804621209139478
Reneged,Reneged,Reneged
Reneged,Reneged,Reneged
23.109036045267203,25.606161957348093,2.497125912080877
15.986837188293634,31.13748590252635,15.150648714232693
16.332505390628683,26.679143099454222,10.34663770882552
19.615095310534798,30.045721002510106,10.430625691975285
Reneged,Reneged,Reneged
18.857532464211886,32.65763674859295,13.80010428438107
Reneged,Reneged,Reneged
Reneged,Reneged,Reneged
Reneged,Reneged,Reneged
23.857012121617117,28.634735672533907,4.777723550916806
20.333601529813393,32.45589544782035,12.12229391800697
30.752194411671724,41.451391990824334,10.699197579152626
Reneged,Reneged,Reneged
Reneged,Reneged,Reneged
Next Day,Next Day
0,9.852621713462778,9.852621713462778
0.0,10.595322015389009,10.595322015389009
4.731779200905407,12.258285155701557,7.526505954796147
3.0839011778799588,19.0981939716317,16.01429279375174
14.804759679254126,21.6427824534857,6.838022774231575
Reneged,Reneged,Reneged
6.4053817499492425,14.275255456448093,7.869873706498856
2.652966858844337,20.27133465222613,17.618367793381786
16.831453646178915,26.626680491713614,9.795226845534694
22.801783999386316,36.199672355768456,13.397888356382133
32.08272122530792,45.586573790012324,13.50385256470441
Reneged,Reneged,Reneged
25.308670790295622,31.730251548295627,6.421580757999996
Reneged,Reneged,Reneged
23.697079122019517,35.59347267669611,11.89639355467658
Reneged,Reneged,Reneged
Reneged,Reneged,Reneged
Reneged,Reneged,Reneged
27.457242248434767,38.21409157568945,10.756849327254688
Reneged,Reneged,Reneged
Reneged,Reneged,Reneged
Reneged,Reneged,Reneged
Reneged,Reneged,Reneged
Reneged,Reneged,Reneged
Reneged,Reneged,Reneged
Reneged,Reneged,Reneged
25.38184758458567,44.64341410634191,19.261566521756244
Reneged,Reneged,Reneged
Reneged,Reneged,Reneged
Reneged,Reneged,Reneged
24.80536362780913,31.144563818226004,6.339200190416867
Reneged,Reneged,Reneged
Reneged,Reneged,Reneged
13.078659734132685,24.566036350694077,11.487376616561399
Reneged,Reneged,Reneged
7.488228626007185,20.732368459282725,13.24413983327554
13.111042841847222,21.270371024193878,8.159328182346648
Reneged,Reneged,Reneged
Reneged,Reneged,Reneged
Reneged,Reneged,Reneged
Reneged,Reneged,Reneged
7.794099157864338,20.084088578800475,12.289989420936145
Reneged,Reneged,Reneged
Reneged,Reneged,Reneged
9.542052994911955,23.043730900890466,13.501677905978504
Reneged,Reneged,Reneged
Reneged,Reneged,Reneged
19.95207525639657,34.59885951682372,14.646784260427168
28.829132432186668,33.12789872014133,4.298766287954645
32.69481907751771,49.45311794761483,16.758298870097118
Reneged,Reneged,Reneged
Reneged,Reneged,Reneged
Reneged,Reneged,Reneged
Reneged,Reneged,Reneged
Reneged,Reneged,Reneged
Reneged,Reneged,Reneged
Reneged,Reneged,Reneged
Reneged,Reneged,Reneged
26.303556035331383,35.97218766568881,9.668631630357423
Reneged,Reneged,Reneged
Reneged,Reneged,Reneged
Reneged,Reneged,Reneged
Reneged,Reneged,Reneged
23.544366636941618,39.46968189740551,15.925315260463908
Reneged,Reneged,Reneged
29.24253574341077,32.50650148492343,3.263965741512667
Reneged,Reneged,Reneged
Reneged,Reneged,Reneged
21.37345664311391,24.166615093939924,2.793158450826038
22.568318822895037,33.36523302836662,10.7969142054716
31.809886375497,47.75966549933008,15.949779123833077
Reneged,Reneged,Reneged
Reneged,Reneged,Reneged
Reneged,Reneged,Reneged
Reneged,Reneged,Reneged
30.51814476647644,44.07284998666739,13.554705220190927
Reneged,Reneged,Reneged
Reneged,Reneged,Reneged
25.89945910037386,40.18515481374175,14.285695713367883
Reneged,Reneged,Reneged
Reneged,Reneged,Reneged
Reneged,Reneged,Reneged
Reneged,Reneged,Reneged
Reneged,Reneged,Reneged
18.559631110975033,34.3678139260287,15.808182815053675
Reneged,Reneged,Reneged
25.388720390950994,39.127236221405155,13.738515830454148
Reneged,Reneged,Reneged
30.124080661767778,43.66982665313316,13.54574599136535
Reneged,Reneged,Reneged
28.70713085907488,33.342321122918065,4.6351902638431755
22.34130278535787,0,12.244801506397943
Next Day,Next Day
0,13.748715901245664,13.748715901245664
8.485294854275134,23.692446297429406,15.207151443154272
11.419874409414739,29.34129930801651,17.92142489860177
Reneged,Reneged,Reneged
Reneged,Reneged,Reneged
19.29199844524947,34.74115145827886,15.449153013029385
Reneged,Reneged,Reneged
Reneged,Reneged,Reneged
Reneged,Reneged,Reneged
Reneged,Reneged,Reneged
10.638769074582925,21.673465545393128,11.0346964708102
21.109811548113164,33.51054608645689,12.400734538343729
Reneged,Reneged,Reneged
28.4340329935565,37.914712378008005,9.48067938445151
Reneged,Reneged,Reneged
Reneged,Reneged,Reneged
Reneged,Reneged,Reneged
16.01855418158145,28.89947673909849,12.880922557517042
27.009086033334498,41.95079976035281,14.941713727018318
Reneged,Reneged,Reneged
Reneged,Reneged,Reneged
Reneged,Reneged,Reneged
Reneged,Reneged,Reneged
Reneged,Reneged,Reneged
Reneged,Reneged,Reneged
9.141185797537247,14.038164287797073,4.896978490259828
9.99432002810103,28.47957373948765,18.48525371138661
16.20689347645782,25.76440550124363,9.557512024785813
16.77886991118615,29.166344075878186,12.387474164692023
Reneged,Reneged,Reneged
23.811272241062284,30.84146739148312,7.030195150420826
28.90952351584741,44.19901611878032,15.289492602932917
Reneged,Reneged,Reneged
Reneged,Reneged,Reneged
Reneged,Reneged,Reneged
Reneged,Reneged,Reneged
23.454187126933505,38.036160524960195,14.58197339802668
Reneged,Reneged,Reneged
34.061257109142446,42.229389692163835,8.168132583021395
Reneged,Reneged,Reneged
Reneged,Reneged,Reneged
Reneged,Reneged,Reneged
7.26290201443129,16.338153502994032,9.075251488562738
15.696940884369695,29.124968619422702,13.428027735053004
24.744747068153487,38.7502173284858,14.005470260332322
Reneged,Reneged,Reneged
Reneged,Reneged,Reneged
Reneged,Reneged,Reneged
30.600501414395694,41.8626003136047,11.262098899209033
Reneged,Reneged,Reneged
Reneged,Reneged,Reneged
22.621473436070914,34.42256534789897,11.801091911828038
Reneged,Reneged,Reneged
24.3989479117009,33.374882735000966,8.975934823300078
Reneged,Reneged,Reneged
14.91126008737416,20.82277760096565,5.911517513591505
Reneged,Reneged,Reneged
10.059553251273087,24.905875861679306,14.846322610406204
13.86409224948892,20.24756385987149,6.3834716103826
Reneged,Reneged,Reneged
5.664383791219848,11.836145812446205,6.171762021226354
11.075649384494,29.222734159163565,18.147084774669587
20.94299311754844,35.629699421824625,14.686706304276191
Reneged,Reneged,Reneged
Reneged,Reneged,Reneged
Reneged,Reneged,Reneged
18.15070148229495,25.441156263318135,7.290454781023164
20.88863164481006,30.362192014163668,9.473560369353589
28.21353707311357,40.38712763047141,12.173590557357825
24.425599875961666,42.681063881056446,18.25546400509476
Reneged,Reneged,Reneged
Reneged,Reneged,Reneged
30.314348232504244,35.83756086880305,5.523212636298793
Reneged,Reneged,Reneged
24.335394294951527,29.250537038519496,4.91514274356797
Reneged,Reneged,Reneged
Reneged,Reneged,Reneged
Reneged,Reneged,Reneged
5.732592239008966,11.644689881000659,5.912097641991696
5.57506959639278,0,12.099637264302883
Next Day,Next Day
0,9.647804725523576,9.647804725523576
7.248130079396214,12.55128474179218,5.303154662395967
0.0,5.909316155731624,5.9093161557316245
0.0,13.420737828743547,13.420737828743547
7.099076905942887,17.976231417799177,10.877154511856288
15.53752621329734,32.31829420963825,16.780767996340913
28.214419769072826,40.11254638676795,11.898126617695132
Reneged,Reneged,Reneged
Reneged,Reneged,Reneged
Reneged,Reneged,Reneged
13.011738119917055,26.743652711090135,13.73191459117308
10.940772732540296,20.86791128920632,9.92713855666603
Reneged,Reneged,Reneged
Reneged,Reneged,Reneged
9.759292238592579,22.737376698848394,12.978084460255822
15.431745071525043,24.050832903106127,8.61908783158109
21.75505954674186,35.048801963257276,13.293742416515418
Reneged,Reneged,Reneged
24.65862258344835,29.156561459514975,4.4979388760666135
Reneged,Reneged,Reneged
17.379441875874704,27.095116613735684,9.715674737860986
22.70863380361584,35.42222897287158,12.713595169255736
Reneged,Reneged,Reneged
25.212147223523232,36.81294652993526,11.600799306412032
Reneged,Reneged,Reneged
Reneged,Reneged,Reneged
Reneged,Reneged,Reneged
24.115859403511422,35.210751853922375,11.094892450410939
Reneged,Reneged,Reneged
31.032488237000564,41.86303293998441,10.830544702983845
Reneged,Reneged,Reneged
29.563039351040572,44.651350282489545,15.08831093144897
Reneged,Reneged,Reneged
Reneged,Reneged,Reneged
Reneged,Reneged,Reneged
Reneged,Reneged,Reneged
15.131997166279945,26.12487527068035,10.992878104400411
Reneged,Reneged,Reneged
18.694938877942008,30.12966878769234,11.434729909750326
Reneged,Reneged,Reneged
Reneged,Reneged,Reneged
12.45241614205176,27.21990781010726,14.767491668055495
Reneged,Reneged,Reneged
17.534244045682158,26.32861870961389,8.79437466393175
Reneged,Reneged,Reneged
12.35103451515812,24.177603118991897,11.826568603833776
23.775361159434652,32.67487549389463,8.899514334459994
Reneged,Reneged,Reneged
24.27285999747835,33.864269189336596,9.591409191858272
Reneged,Reneged,Reneged
Reneged,Reneged,Reneged
Reneged,Reneged,Reneged
Reneged,Reneged,Reneged
Reneged,Reneged,Reneged
17.62472769045405,30.923532559972728,13.298804869518694
Reneged,Reneged,Reneged
Reneged,Reneged,Reneged
21.86869520044155,31.8618657683964,9.993170567954836
Reneged,Reneged,Reneged
Reneged,Reneged,Reneged
11.746944204019883,21.39936893438187,9.652424730361986
Reneged,Reneged,Reneged
18.710422574455947,28.518700483578073,9.808277909122147
12.16087471394701,24.44644816703334,12.285573453086347
9.597701515756171,25.54889970894942,15.951198193193228
21.104665228936597,32.34875338486273,11.244088155926155
31.808754332964327,35.38403879974021,3.5752844667758854
Reneged,Reneged,Reneged
12.967486270735549,23.819137838021163,10.851651567285618
16.58576436830873,25.027845307240455,8.442080938931728
Reneged,Reneged,Reneged
21.17440502702493,32.97068389173256,11.796278864707617
Reneged,Reneged,Reneged
Reneged,Reneged,Reneged
Reneged,Reneged,Reneged
13.433619915219765,0,12.903977051328338
Next Day,Next Day
0,13.347969524342075,13.347969524342075
5.228611410489323,16.87916504225473,11.650553631765405
Reneged,Reneged,Reneged
16.196952601169684,28.16871057382376,11.971757972654077
22.246422481205002,27.877590648442187,5.631168167237184
Reneged,Reneged,Reneged
Reneged,Reneged,Reneged
Reneged,Reneged,Reneged
23.870070462794978,35.94525473720408,12.075184274409102
Reneged,Reneged,Reneged
Reneged,Reneged,Reneged
Reneged,Reneged,Reneged
Reneged,Reneged,Reneged
Reneged,Reneged,Reneged
Reneged,Reneged,Reneged
21.304679197817734,36.15696916366774,14.852289965850005
Reneged,Reneged,Reneged
17.223564971322638,29.992985062894682,12.769420091572051
Reneged,Reneged,Reneged
27.60686338445018,37.98699139395073,10.380128009500556
Reneged,Reneged,Reneged
18.75096969394893,22.873458563710514,4.122488869761577
Reneged,Reneged,Reneged
10.372780862055109,16.367887878276946,5.995107016221837
8.296388528184124,16.357374920274694,8.060986392090571
13.27844055265679,28.75570052412496,15.477259971468166
25.232251024420037,36.73718515432178,11.504934129901736
Reneged,Reneged,Reneged
Reneged,Reneged,Reneged
Reneged,Reneged,Reneged
16.09733817077573,25.094425632792266,8.997087462016523
17.26762259949868,24.961669150627984,7.6940465511293175
24.619227414413785,36.12026252120182,11.501035106788027
33.27040173700786,40.77190231044494,7.501500573437084
Reneged,Reneged,Reneged
Reneged,Reneged,Reneged
21.560016876611115,29.816056451455438,8.25603957484432
23.789623181398753,34.5244779377914,10.73485475639266
Reneged,Reneged,Reneged
20.382657109473286,23.748179516164527,3.365522406691232
18.795734727467305,23.43482902251631,4.639094295049009
Reneged,Reneged,Reneged
13.7598550809264,26.325389733015243,12.565534652088834
Reneged,Reneged,Reneged
23.192530620903767,30.856939571825137,7.664408950921373
27.147145760376333,31.31265209235005,4.1655063319737105
Reneged,Reneged,Reneged
Reneged,Reneged,Reneged
20.594888519305385,35.207402096552414,14.612513577247029
Reneged,Reneged,Reneged
25.319167620177637,28.72609674062204,3.406929120444408
27.57001149969605,37.63392112754505,10.06390962784901
Reneged,Reneged,Reneged
Reneged,Reneged,Reneged
27.473449794361272,39.090466144093114,11.61701634973183
Reneged,Reneged,Reneged
Reneged,Reneged,Reneged
Reneged,Reneged,Reneged
16.179623359170364,28.04120655909327,11.861583199922933
14.626336884496993,30.622546395284303,15.996209510787287
Reneged,Reneged,Reneged
21.066972483207564,35.55880780690967,14.49183532370208
Reneged,Reneged,Reneged
Reneged,Reneged,Reneged
17.75019081415985,30.188692920391134,12.438502106231287
Reneged,Reneged,Reneged
Reneged,Reneged,Reneged
22.420476776410112,34.2707527186775,11.850275942267379
Reneged,Reneged,Reneged
Reneged,Reneged,Reneged
19.39626685362157,35.39543248069771,15.999165627076112
Reneged,Reneged,Reneged
Reneged,Reneged,Reneged
25.119446302741324,34.83587913727479,9.716432834533478
Reneged,Reneged,Reneged
Reneged,Reneged,Reneged
20.324112823691394,28.388032762334092,8.063919938642673
27.067683772422015,40.455970840667874,13.38828706824587
Reneged,Reneged,Reneged
Reneged,Reneged,Reneged
Reneged,Reneged,Reneged
Reneged,Reneged,Reneged
Reneged,Reneged,Reneged
23.58879781461752,37.17338481420887,13.584586999591375
Reneged,Reneged,Reneged
Reneged,Reneged,Reneged
10.639673870528668,24.916798077760916,14.27712420723225
Next Day,Next Day
0,9.044970688178996,9.044970688178996
5.478196483663378,21.030079937358728,15.551883453695348
Reneged,Reneged,Reneged
Reneged,Reneged,Reneged
13.322206734898389,25.41847071299822,12.096263978099833
21.66374192137551,46.320343404554635,24.65660148317912
Reneged,Reneged,Reneged
Reneged,Reneged,Reneged
27.959532444926595,34.103567177206415,6.144034732279824
30.737421184240752,44.63352728347892,13.896106099238171
Reneged,Reneged,Reneged
Reneged,Reneged,Reneged
37.735954997178524,55.25830237366995,17.522347376491417
Reneged,Reneged,Reneged
Reneged,Reneged,Reneged
Reneged,Reneged,Reneged
Reneged,Reneged,Reneged
29.284395400258944,43.270711632734304,13.98631623247536
Reneged,Reneged,Reneged
Reneged,Reneged,Reneged
Reneged,Reneged,Reneged
Reneged,Reneged,Reneged
19.153851808070897,37.47059166398256,18.316739855911656
34.81130071659038,52.20676117995856,17.395460463368185
Reneged,Reneged,Reneged
21.60074163270542,30.9079637540859,9.307222121380484
Reneged,Reneged,Reneged
Reneged,Reneged,Reneged
Reneged,Reneged,Reneged
Reneged,Reneged,Reneged
18.674284341750962,31.12942762379646,12.455143282045508
Reneged,Reneged,Reneged
8.615077057641884,24.691729830517744,16.07665277287586
Reneged,Reneged,Reneged
17.15699995456262,30.165696918821766,13.008696964259157
Reneged,Reneged,Reneged
Reneged,Reneged,Reneged
Reneged,Reneged,Reneged
Reneged,Reneged,Reneged
11.236624252900668,15.200035534538841,3.963411281638173
10.821488750581665,23.114218505961304,12.292729755379629
22.67482055610563,33.52836369244213,10.853543136336485
Reneged,Reneged,Reneged
Reneged,Reneged,Reneged
Reneged,Reneged,Reneged
8.572864118151074,18.35093940395285,9.778075285801773
18.298807695124623,35.17359979537767,16.87479210025304
Reneged,Reneged,Reneged
32.66548817039555,46.93973966059542,14.274251490199845
Reneged,Reneged,Reneged
Reneged,Reneged,Reneged
Reneged,Reneged,Reneged
36.69062136699972,50.42869727704988,13.738075910050128
Reneged,Reneged,Reneged
Reneged,Reneged,Reneged
34.336575581279504,45.71746976373052,11.380894182451025
Reneged,Reneged,Reneged
Reneged,Reneged,Reneged
Reneged,Reneged,Reneged
Reneged,Reneged,Reneged
Reneged,Reneged,Reneged
23.675942336300864,37.1979029239522,13.521960587651337
Reneged,Reneged,Reneged
Reneged,Reneged,Reneged
27.050382700796035,43.79270041905016,16.7423177182541
Reneged,Reneged,Reneged
Reneged,Reneged,Reneged
Reneged,Reneged,Reneged
Reneged,Reneged,Reneged
Reneged,Reneged,Reneged
Reneged,Reneged,Reneged
20.119647933831573,35.70155813666622,15.581910202834626
Reneged,Reneged,Reneged
Reneged,Reneged,Reneged
32.73272599888958,48.0294940897287,15.296768090839121
Reneged,Reneged,Reneged
Reneged,Reneged,Reneged
Reneged,Reneged,Reneged
Reneged,Reneged,Reneged
Reneged,Reneged,Reneged
Reneged,Reneged,Reneged
19.908546484070087,34.76389852083298,14.855352036762902
31.670022953102887,40.57344971821141,8.903426765108518
Reneged,Reneged,Reneged
Reneged,Reneged,Reneged
Reneged,Reneged,Reneged
Reneged,Reneged,Reneged
24.08416599089287,37.840767758478364,13.756601767585476
Reneged,Reneged,Reneged
Reneged,Reneged,Reneged
19.63775879726728,28.936829223482277,9.299070426215003
28.12373466662666,35.83648860293556,7.712753936308894
Reneged,Reneged,Reneged
29.852572298681082,37.97139851264342,8.118826213962357
Reneged,Reneged,Reneged
Reneged,Reneged,Reneged
Next Day,Next Day
0,8.41199561145492,8.41199561145492
2.307467284495549,17.227129764501953,14.919662480006405
12.870543781746619,26.173604296416055,13.303060514669433
24.77231629167477,32.38487628499648,7.612559993321707
21.060266463591795,41.2025288855264,20.1422624219346
Reneged,Reneged,Reneged
Reneged,Reneged,Reneged
35.9327616553703,49.39822039329515,13.465458737924848
Reneged,Reneged,Reneged
Reneged,Reneged,Reneged
Reneged,Reneged,Reneged
Reneged,Reneged,Reneged
Reneged,Reneged,Reneged
Reneged,Reneged,Reneged
Reneged,Reneged,Reneged
4.236331498618782,18.11653879807635,13.880207299457563
17.084052062866107,33.23800691838245,16.15395485551635
33.22296011425212,44.26325440351245,11.040294289260332
Reneged,Reneged,Reneged
Reneged,Reneged,Reneged
Reneged,Reneged,Reneged
30.193259008002457,43.07386768961722,12.88060868161475
Reneged,Reneged,Reneged
Reneged,Reneged,Reneged
28.20525609318956,43.70758545078523,15.50232935759567
Reneged,Reneged,Reneged
Reneged,Reneged,Reneged
7.201278778739379,20.75236348932077,13.55108471058139
18.440851443539913,26.4860732521027,8.045221808562795
21.855698091846705,28.205504858963707,6.3498067671169895
Reneged,Reneged,Reneged
Reneged,Reneged,Reneged
Reneged,Reneged,Reneged
9.74154887823741,28.941334709403634,19.199785831166217
13.43033347055993,32.86999619742471,19.439662726864796
24.794832936129012,46.78611335052659,21.991280414397572
35.194500697882745,47.78120305517908,12.58670235729634
Reneged,Reneged,Reneged
Reneged,Reneged,Reneged
29.173076301098945,38.91651935203336,9.743443050934438
33.54899928604405,42.03018660517594,8.481187319131868
Reneged,Reneged,Reneged
Reneged,Reneged,Reneged
Reneged,Reneged,Reneged
28.169367614243868,44.41828257815598,16.24891496391212
34.64523031885406,44.517876991854195,9.87264667300014
32.6817778085383,38.58231463961749,5.900536831079192
Reneged,Reneged,Reneged
Reneged,Reneged,Reneged
Reneged,Reneged,Reneged
Reneged,Reneged,Reneged
20.57852675706374,31.024299162718933,10.445772405655179
26.881524578951996,48.93968450588915,22.058159926937165
Reneged,Reneged,Reneged
Reneged,Reneged,Reneged
Reneged,Reneged,Reneged
Reneged,Reneged,Reneged
Reneged,Reneged,Reneged
Reneged,Reneged,Reneged
Reneged,Reneged,Reneged
Reneged,Reneged,Reneged
15.342570947258423,28.5838736841618,13.241302736903357
Reneged,Reneged,Reneged
Reneged,Reneged,Reneged
6.496915236073107,18.35946243991225,11.86254720383912
15.184489436337515,33.492917242355475,18.30842780601798
27.028316761853148,27.76761145704711,0.739294695193939
Reneged,Reneged,Reneged
14.877864739651727,31.830938330696767,16.953073591045023
Reneged,Reneged,Reneged
21.527795032519634,35.10292452226736,13.575129489747724
Reneged,Reneged,Reneged
Reneged,Reneged,Reneged
Reneged,Reneged,Reneged
Reneged,Reneged,Reneged
Reneged,Reneged,Reneged
16.718358559660658,29.719468611398497,13.001110051737863
20.052221732464886,0,12.77388680153025
0,0,0
0,0,0
Next Day,Next Day
0,13.268628147030617,13.268628147030617
7.8165278422601165,19.33611757286371,11.519589730603593
18.630325884092006,36.631703396144324,18.001377512052322
Reneged,Reneged,Reneged
Reneged,Reneged,Reneged
14.88973034017285,23.828350533578874,8.938620193406024
20.90233585290007,30.23745549280311,9.33511963990304
23.921852755173546,34.48201314312018,10.560160387946626
30.91902467292669,40.4329532243082,9.513928551381513
Reneged,Reneged,Reneged
Reneged,Reneged,Reneged
24.872048431717012,35.32742095895831,10.455372527241293
Reneged,Reneged,Reneged
Reneged,Reneged,Reneged
Reneged,Reneged,Reneged
8.469926015305276,26.323803664724423,17.853877649419143
Reneged,Reneged,Reneged
14.993058182966337,33.98174052100795,18.988682338041613
Reneged,Reneged,Reneged
Reneged,Reneged,Reneged
Reneged,Reneged,Reneged
24.524801733907154,37.91196658142293,13.387164847515782
Reneged,Reneged,Reneged
Reneged,Reneged,Reneged
Reneged,Reneged,Reneged
23.57562070141853,30.910884060709975,7.335263359291456
Reneged,Reneged,Reneged
Reneged,Reneged,Reneged
Reneged,Reneged,Reneged
7.348218131052533,17.820448160356733,10.472230029304205
11.130294206453584,21.535243712944578,10.404949506490988
Reneged,Reneged,Reneged
13.629316671596882,15.357634609417005,1.728317937820126
9.607614254332589,23.920093516159653,14.312479261827072
18.610860714765522,31.841019428099486,13.230158713333974
Reneged,Reneged,Reneged
Reneged,Reneged,Reneged
Reneged,Reneged,Reneged
23.336078166238735,40.275879537025446,16.9398013707867
Reneged,Reneged,Reneged
Reneged,Reneged,Reneged
Reneged,Reneged,Reneged
Reneged,Reneged,Reneged
19.088199928403526,30.78867343168602,11.700473503282499
Reneged,Reneged,Reneged
16.65229118668762,35.06315923878495,18.410868052097342
26.396644923432262,40.169553506827725,13.772908583395454
39.33484536219606,51.43944943503544,12.104604072839395
Reneged,Reneged,Reneged
32.581437197437396,44.32322391851025,11.741786721072877
Reneged,Reneged,Reneged
Reneged,Reneged,Reneged
Reneged,Reneged,Reneged
Reneged,Reneged,Reneged
Reneged,Reneged,Reneged
Reneged,Reneged,Reneged
8.633640191435006,23.34828794392797,14.71464775249294
17.63664476924623,33.254256279508525,15.617611510262279
Reneged,Reneged,Reneged
Reneged,Reneged,Reneged
26.50280169868614,44.80617707082746,18.303375372141296
Reneged,Reneged,Reneged
Reneged,Reneged,Reneged
33.13511328736138,43.35660638197493,10.221493094613553
Reneged,Reneged,Reneged
Reneged,Reneged,Reneged
Reneged,Reneged,Reneged
Reneged,Reneged,Reneged
24.377025124358966,29.601831521325835,5.22480639696687
Reneged,Reneged,Reneged
22.086857302743,30.60148153178386,8.514624229040853
Reneged,Reneged,Reneged
Reneged,Reneged,Reneged
3.013867635143015,13.696777507231161,10.682909872088173
12.22787269862124,25.69391082975892,13.466038131137656
Reneged,Reneged,Reneged
20.27713554422286,39.08157526824027,18.804439724017403
Reneged,Reneged,Reneged
15.5770707937844,30.595972986204515,15.018902192420095
18.80838745214396,0,12.100725507539002
0,0,0
Reneged,Reneged,Reneged
Next Day,Next Day
0,14.665185340113899,14.665185340113899
3.2434984361248933,12.6243003140291,9.380801877904208
10.911912789119679,17.096455388429458,6.184542599309779
11.897926651337507,23.022053173052825,11.124126521715322
12.973399273189095,28.13536339484873,15.16196412165964
22.43465739774441,28.76278822160875,6.328130823864342
10.409684332588654,22.229041411897654,11.819357079309004
Reneged,Reneged,Reneged
14.966601555010769,26.301978744390254,11.335377189379484
21.68975525881011,31.59321330615687,9.903458047346756
Reneged,Reneged,Reneged
Reneged,Reneged,Reneged
17.85550190481571,32.21121107491882,14.355709170103115
Reneged,Reneged,Reneged
24.79518939405314,31.337089874747477,6.541900480694338
Reneged,Reneged,Reneged
15.34879472641019,28.765184627940158,13.416389901529968
17.393427444420468,26.101393436180274,8.707965991759812
17.1707147436517,30.715624279094158,13.544909535442457
Reneged,Reneged,Reneged
Reneged,Reneged,Reneged
0.0,16.757065102493215,16.757065102493208
6.131888331268044,16.109656882642497,9.977768551374442
Reneged,Reneged,Reneged
0.0,8.421018513583022,8.421018513583032
8.300030238617524,20.409446996117055,12.109416757499526
Reneged,Reneged,Reneged
5.9204512436611765,16.085477474505495,10.165026230844326
7.015260407097344,16.333762864500983,9.31850245740363
13.447942702050625,23.33489368547575,9.886950983425127
22.449570655901795,35.99591999487515,13.54634933897335
22.39232430665558,34.99774285271161,12.60541854605604
29.416961615767406,37.95515414982415,8.538192534056751
Reneged,Reneged,Reneged
Reneged,Reneged,Reneged
21.067258528414612,33.37800927839342,12.310750749978814
Reneged,Reneged,Reneged
Reneged,Reneged,Reneged
Reneged,Reneged,Reneged
Reneged,Reneged,Reneged
14.036119443570271,33.47838901713709,19.442269573566804
Reneged,Reneged,Reneged
Reneged,Reneged,Reneged
Reneged,Reneged,Reneged
Reneged,Reneged,Reneged
Reneged,Reneged,Reneged
1.4306681768077851,20.19189772236757,18.761229545559786
4.398110407327977,21.657912852500658,17.259802445172667
Reneged,Reneged,Reneged
13.50873919061462,24.295235470561522,10.78649627994692
21.527545320873287,33.73650709691054,12.208961776037285
Reneged,Reneged,Reneged
Reneged,Reneged,Reneged
2.5791425037051567,15.17954752672648,12.60040502302133
Reneged,Reneged,Reneged
14.162061495082696,23.834630997997465,9.672569502914756
Reneged,Reneged,Reneged
21.919640970901753,41.179587103729546,19.25994613282778
Reneged,Reneged,Reneged
24.1761934043588,33.2976447554164,9.121451351057576
Reneged,Reneged,Reneged
Reneged,Reneged,Reneged
Reneged,Reneged,Reneged
Reneged,Reneged,Reneged
Reneged,Reneged,Reneged
9.891265794381638,19.77391742617442,9.882651631792758
18.13309856485523,0,16.594374054580754
0,0,0
0,0,0
0,0,0
Next Day,Next Day
